STATION,STATION_NAME,ELEVATION,LATITUDE,LONGITUDE,DATE,HLY-TEMP-NORMAL,HLY-PRES-NORMAL,HLY-DEWP-NORMAL
GHCND:USW00003812,ASHEVILLE REGIONAL AIRPORT NC US,645.3,35.43194,-82.5375,20100101 00:00,349,10205,289
GHCND:USW00003812,ASHEVILLE REGIONAL AIRPORT NC US,645.3,35.43194,-82.5375,20100101 01:00,344,10202,287
GHCND:USW00003812,ASHEVILLE REGIONAL AIRPORT NC US,645.3,35.43194,-82.5375,20100101 02:00,339,10200,284
GHCND:USW00003812,ASHEVILLE REGIONAL AIRPORT NC US,645.3,35.43194,-82.5375,20100101 03:00,334,10202,283
GHCND:USW00003812,ASHEVILLE REGIONAL AIRPORT NC US,645.3,35.43194,-82.5375,20100101 04:00,331,10202,280
GHCND:USW00003812,ASHEVILLE REGIONAL AIRPORT NC US,645.3,35.43194,-82.5375,20100101 05:00,327,10200,279
GHCND:USW00003812,ASHEVILLE REGIONAL AIRPORT NC US,645.3,35.43194,-82.5375,20100101 06:00,325,10203,277
GHCND:USW00003812,ASHEVILLE REGIONAL AIRPORT NC US,645.3,35.43194,-82.5375,20100101 07:00,323,10208,276
GHCND:USW00003812,ASHEVILLE REGIONAL AIRPORT NC US,645.3,35.43194,-82.5375,20100101 08:00,321,10213,274
GHCND:USW00003812,ASHEVILLE REGIONAL AIRPORT NC US,645.3,35.43194,-82.5375,20100101 09:00,338,10217,282
GHCND:USW00003812,ASHEVILLE REGIONAL AIRPORT NC US,645.3,35.43194,-82.5375,20100101 10:00,364,10221,289
GHCND:USW00003812,ASHEVILLE REGIONAL AIRPORT NC US,645.3,35.43194,-82.5375,20100101 11:00,394,10220,293
GHCND:USW00003812,ASHEVILLE REGIONAL AIRPORT NC US,645.3,35.43194,-82.5375,20100101 12:00,421,10211,292
GHCND:USW00003812,ASHEVILLE REGIONAL AIRPORT NC US,645.3,35.43194,-82.5375,20100101 13:00,442,10200,291
GHCND:USW00003812,ASHEVILLE REGIONAL AIRPORT NC US,645.3,35.43194,-82.5375,20100101 14:00,456,10193,289
GHCND:USW00003812,ASHEVILLE REGIONAL AIRPORT NC US,645.3,35.43194,-82.5375,20100101 15:00,462,10190,285
GHCND:USW00003812,ASHEVILLE REGIONAL AIRPORT NC US,645.3,35.43194,-82.5375,20100101 16:00,458,10192,285
GHCND:USW00003812,ASHEVILLE REGIONAL AIRPORT NC US,645.3,35.43194,-82.5375,20100101 17:00,441,10196,286
GHCND:USW00003812,ASHEVILLE REGIONAL AIRPORT NC US,645.3,35.43194,-82.5375,20100101 18:00,412,10201,285
GHCND:USW00003812,ASHEVILLE REGIONAL AIRPORT NC US,645.3,35.43194,-82.5375,20100101 19:00,396,10206,288
GHCND:USW00003812,ASHEVILLE REGIONAL AIRPORT NC US,645.3,35.43194,-82.5375,20100101 20:00,382,10209,290
GHCND:USW00003812,ASHEVILLE REGIONAL AIRPORT NC US,645.3,35.43194,-82.5375,20100101 21:00,372,10211,290
GHCND:USW00003812,ASHEVILLE REGIONAL AIRPORT NC US,645.3,35.43194,-82.5375,20100101 22:00,363,10210,290
GHCND:USW00003812,ASHEVILLE REGIONAL AIRPORT NC US,645.3,35.43194,-82.5375,20100101 23:00,355,10209,290
GHCND:USW00003812,ASHEVILLE REGIONAL AIRPORT NC US,645.3,35.43194,-82.5375,20100102 00:00,349,10206,288
GHCND:USW00003812,ASHEVILLE REGIONAL AIRPORT NC US,645.3,35.43194,-82.5375,20100102 01:00,344,10202,287
GHCND:USW00003812,ASHEVILLE REGIONAL AIRPORT NC US,645.3,35.43194,-82.5375,20100102 02:00,339,10201,284
GHCND:USW00003812,ASHEVILLE REGIONAL AIRPORT NC US,645.3,35.43194,-82.5375,20100102 03:00,335,10202,283
GHCND:USW00003812,ASHEVILLE REGIONAL AIRPORT NC US,645.3,35.43194,-82.5375,20100102 04:00,331,10202,280
GHCND:USW00003812,ASHEVILLE REGIONAL AIRPORT NC US,645.3,35.43194,-82.5375,20100102 05:00,327,10200,279
GHCND:USW00003812,ASHEVILLE REGIONAL AIRPORT NC US,645.3,35.43194,-82.5375,20100102 06:00,325,10204,277
GHCND:USW00003812,ASHEVILLE REGIONAL AIRPORT NC US,645.3,35.43194,-82.5375,20100102 07:00,323,10208,276
GHCND:USW00003812,ASHEVILLE REGIONAL AIRPORT NC US,645.3,35.43194,-82.5375,20100102 08:00,321,10213,275
GHCND:USW00003812,ASHEVILLE REGIONAL AIRPORT NC US,645.3,35.43194,-82.5375,20100102 09:00,338,10217,283
GHCND:USW00003812,ASHEVILLE REGIONAL AIRPORT NC US,645.3,35.43194,-82.5375,20100102 10:00,366,10220,291
GHCND:USW00003812,ASHEVILLE REGIONAL AIRPORT NC US,645.3,35.43194,-82.5375,20100102 11:00,396,10219,295
GHCND:USW00003812,ASHEVILLE REGIONAL AIRPORT NC US,645.3,35.43194,-82.5375,20100102 12:00,424,10211,295
GHCND:USW00003812,ASHEVILLE REGIONAL AIRPORT NC US,645.3,35.43194,-82.5375,20100102 13:00,445,10200,294
GHCND:USW00003812,ASHEVILLE REGIONAL AIRPORT NC US,645.3,35.43194,-82.5375,20100102 14:00,460,10193,291
GHCND:USW00003812,ASHEVILLE REGIONAL AIRPORT NC US,645.3,35.43194,-82.5375,20100102 15:00,465,10190,288
GHCND:USW00003812,ASHEVILLE REGIONAL AIRPORT NC US,645.3,35.43194,-82.5375,20100102 16:00,461,10192,288
GHCND:USW00003812,ASHEVILLE REGIONAL AIRPORT NC US,645.3,35.43194,-82.5375,20100102 17:00,444,10196,287
GHCND:USW00003812,ASHEVILLE REGIONAL AIRPORT NC US,645.3,35.43194,-82.5375,20100102 18:00,415,10201,287
GHCND:USW00003812,ASHEVILLE REGIONAL AIRPORT NC US,645.3,35.43194,-82.5375,20100102 19:00,398,10206,291
GHCND:USW00003812,ASHEVILLE REGIONAL AIRPORT NC US,645.3,35.43194,-82.5375,20100102 20:00,385,10209,292
GHCND:USW00003812,ASHEVILLE REGIONAL AIRPORT NC US,645.3,35.43194,-82.5375,20100102 21:00,374,10210,292
GHCND:USW00003812,ASHEVILLE REGIONAL AIRPORT NC US,645.3,35.43194,-82.5375,20100102 22:00,365,10209,292
GHCND:USW00003812,ASHEVILLE REGIONAL AIRPORT NC US,645.3,35.43194,-82.5375,20100102 23:00,358,10209,291
GHCND:USW00003812,ASHEVILLE REGIONAL AIRPORT NC US,645.3,35.43194,-82.5375,20100103 00:00,351,10205,289
GHCND:USW00003812,ASHEVILLE REGIONAL AIRPORT NC US,645.3,35.43194,-82.5375,20100103 01:00,346,10202,288
GHCND:USW00003812,ASHEVILLE REGIONAL AIRPORT NC US,645.3,35.43194,-82.5375,20100103 02:00,341,10200,285
GHCND:USW00003812,ASHEVILLE REGIONAL AIRPORT NC US,645.3,35.43194,-82.5375,20100103 03:00,337,10201,284
GHCND:USW00003812,ASHEVILLE REGIONAL AIRPORT NC US,645.3,35.43194,-82.5375,20100103 04:00,333,10202,282
GHCND:USW00003812,ASHEVILLE REGIONAL AIRPORT NC US,645.3,35.43194,-82.5375,20100103 05:00,329,10200,281
GHCND:USW00003812,ASHEVILLE REGIONAL AIRPORT NC US,645.3,35.43194,-82.5375,20100103 06:00,327,10203,279
GHCND:USW00003812,ASHEVILLE REGIONAL AIRPORT NC US,645.3,35.43194,-82.5375,20100103 07:00,325,10208,278
GHCND:USW00003812,ASHEVILLE REGIONAL AIRPORT NC US,645.3,35.43194,-82.5375,20100103 08:00,323,10212,277
GHCND:USW00003812,ASHEVILLE REGIONAL AIRPORT NC US,645.3,35.43194,-82.5375,20100103 09:00,340,10216,285
GHCND:USW00003812,ASHEVILLE REGIONAL AIRPORT NC US,645.3,35.43194,-82.5375,20100103 10:00,367,10220,292
GHCND:USW00003812,ASHEVILLE REGIONAL AIRPORT NC US,645.3,35.43194,-82.5375,20100103 11:00,397,10219,296
GHCND:USW00003812,ASHEVILLE REGIONAL AIRPORT NC US,645.3,35.43194,-82.5375,20100103 12:00,425,10210,297
GHCND:USW00003812,ASHEVILLE REGIONAL AIRPORT NC US,645.3,35.43194,-82.5375,20100103 13:00,445,10199,295
GHCND:USW00003812,ASHEVILLE REGIONAL AIRPORT NC US,645.3,35.43194,-82.5375,20100103 14:00,459,10192,292
GHCND:USW00003812,ASHEVILLE REGIONAL AIRPORT NC US,645.3,35.43194,-82.5375,20100103 15:00,465,10190,289
GHCND:USW00003812,ASHEVILLE REGIONAL AIRPORT NC US,645.3,35.43194,-82.5375,20100103 16:00,460,10192,289
GHCND:USW00003812,ASHEVILLE REGIONAL AIRPORT NC US,645.3,35.43194,-82.5375,20100103 17:00,443,10196,289
GHCND:USW00003812,ASHEVILLE REGIONAL AIRPORT NC US,645.3,35.43194,-82.5375,20100103 18:00,415,10200,288
GHCND:USW00003812,ASHEVILLE REGIONAL AIRPORT NC US,645.3,35.43194,-82.5375,20100103 19:00,398,10205,292
GHCND:USW00003812,ASHEVILLE REGIONAL AIRPORT NC US,645.3,35.43194,-82.5375,20100103 20:00,385,10208,293
GHCND:USW00003812,ASHEVILLE REGIONAL AIRPORT NC US,645.3,35.43194,-82.5375,20100103 21:00,374,10209,293
GHCND:USW00003812,ASHEVILLE REGIONAL AIRPORT NC US,645.3,35.43194,-82.5375,20100103 22:00,365,10209,293
GHCND:USW00003812,ASHEVILLE REGIONAL AIRPORT NC US,645.3,35.43194,-82.5375,20100103 23:00,357,10208,292
GHCND:USW00003812,ASHEVILLE REGIONAL AIRPORT NC US,645.3,35.43194,-82.5375,20100104 00:00,350,10204,290
GHCND:USW00003812,ASHEVILLE REGIONAL AIRPORT NC US,645.3,35.43194,-82.5375,20100104 01:00,345,10201,287
GHCND:USW00003812,ASHEVILLE REGIONAL AIRPORT NC US,645.3,35.43194,-82.5375,20100104 02:00,340,10199,285
GHCND:USW00003812,ASHEVILLE REGIONAL AIRPORT NC US,645.3,35.43194,-82.5375,20100104 03:00,336,10200,283
GHCND:USW00003812,ASHEVILLE REGIONAL AIRPORT NC US,645.3,35.43194,-82.5375,20100104 04:00,331,10201,281
GHCND:USW00003812,ASHEVILLE REGIONAL AIRPORT NC US,645.3,35.43194,-82.5375,20100104 05:00,328,10199,280
GHCND:USW00003812,ASHEVILLE REGIONAL AIRPORT NC US,645.3,35.43194,-82.5375,20100104 06:00,325,10202,278
GHCND:USW00003812,ASHEVILLE REGIONAL AIRPORT NC US,645.3,35.43194,-82.5375,20100104 07:00,324,10206,277
GHCND:USW00003812,ASHEVILLE REGIONAL AIRPORT NC US,645.3,35.43194,-82.5375,20100104 08:00,322,10211,276
GHCND:USW00003812,ASHEVILLE REGIONAL AIRPORT NC US,645.3,35.43194,-82.5375,20100104 09:00,338,10215,284
GHCND:USW00003812,ASHEVILLE REGIONAL AIRPORT NC US,645.3,35.43194,-82.5375,20100104 10:00,366,10219,290
GHCND:USW00003812,ASHEVILLE REGIONAL AIRPORT NC US,645.3,35.43194,-82.5375,20100104 11:00,396,10218,294
GHCND:USW00003812,ASHEVILLE REGIONAL AIRPORT NC US,645.3,35.43194,-82.5375,20100104 12:00,423,10210,294
GHCND:USW00003812,ASHEVILLE REGIONAL AIRPORT NC US,645.3,35.43194,-82.5375,20100104 13:00,443,10198,292
GHCND:USW00003812,ASHEVILLE REGIONAL AIRPORT NC US,645.3,35.43194,-82.5375,20100104 14:00,456,10192,289
GHCND:USW00003812,ASHEVILLE REGIONAL AIRPORT NC US,645.3,35.43194,-82.5375,20100104 15:00,462,10189,287
GHCND:USW00003812,ASHEVILLE REGIONAL AIRPORT NC US,645.3,35.43194,-82.5375,20100104 16:00,457,10191,286
GHCND:USW00003812,ASHEVILLE REGIONAL AIRPORT NC US,645.3,35.43194,-82.5375,20100104 17:00,441,10195,287
GHCND:USW00003812,ASHEVILLE REGIONAL AIRPORT NC US,645.3,35.43194,-82.5375,20100104 18:00,413,10199,286
GHCND:USW00003812,ASHEVILLE REGIONAL AIRPORT NC US,645.3,35.43194,-82.5375,20100104 19:00,395,10204,289
GHCND:USW00003812,ASHEVILLE REGIONAL AIRPORT NC US,645.3,35.43194,-82.5375,20100104 20:00,383,10207,290
GHCND:USW00003812,ASHEVILLE REGIONAL AIRPORT NC US,645.3,35.43194,-82.5375,20100104 21:00,372,10209,290
GHCND:USW00003812,ASHEVILLE REGIONAL AIRPORT NC US,645.3,35.43194,-82.5375,20100104 22:00,364,10208,290
GHCND:USW00003812,ASHEVILLE REGIONAL AIRPORT NC US,645.3,35.43194,-82.5375,20100104 23:00,356,10207,289
GHCND:USW00003812,ASHEVILLE REGIONAL AIRPORT NC US,645.3,35.43194,-82.5375,20100105 00:00,348,10204,287
GHCND:USW00003812,ASHEVILLE REGIONAL AIRPORT NC US,645.3,35.43194,-82.5375,20100105 01:00,342,10200,284
GHCND:USW00003812,ASHEVILLE REGIONAL AIRPORT NC US,645.3,35.43194,-82.5375,20100105 02:00,337,10199,281
GHCND:USW00003812,ASHEVILLE REGIONAL AIRPORT NC US,645.3,35.43194,-82.5375,20100105 03:00,332,10200,279
GHCND:USW00003812,ASHEVILLE REGIONAL AIRPORT NC US,645.3,35.43194,-82.5375,20100105 04:00,328,10200,277
GHCND:USW00003812,ASHEVILLE REGIONAL AIRPORT NC US,645.3,35.43194,-82.5375,20100105 05:00,324,10199,275
GHCND:USW00003812,ASHEVILLE REGIONAL AIRPORT NC US,645.3,35.43194,-82.5375,20100105 06:00,322,10202,274
GHCND:USW00003812,ASHEVILLE REGIONAL AIRPORT NC US,645.3,35.43194,-82.5375,20100105 07:00,320,10206,273
GHCND:USW00003812,ASHEVILLE REGIONAL AIRPORT NC US,645.3,35.43194,-82.5375,20100105 08:00,318,10211,272
GHCND:USW00003812,ASHEVILLE REGIONAL AIRPORT NC US,645.3,35.43194,-82.5375,20100105 09:00,335,10215,280
GHCND:USW00003812,ASHEVILLE REGIONAL AIRPORT NC US,645.3,35.43194,-82.5375,20100105 10:00,363,10219,287
GHCND:USW00003812,ASHEVILLE REGIONAL AIRPORT NC US,645.3,35.43194,-82.5375,20100105 11:00,393,10218,290
GHCND:USW00003812,ASHEVILLE REGIONAL AIRPORT NC US,645.3,35.43194,-82.5375,20100105 12:00,421,10210,291
GHCND:USW00003812,ASHEVILLE REGIONAL AIRPORT NC US,645.3,35.43194,-82.5375,20100105 13:00,441,10199,289
GHCND:USW00003812,ASHEVILLE REGIONAL AIRPORT NC US,645.3,35.43194,-82.5375,20100105 14:00,455,10192,286
GHCND:USW00003812,ASHEVILLE REGIONAL AIRPORT NC US,645.3,35.43194,-82.5375,20100105 15:00,460,10189,283
GHCND:USW00003812,ASHEVILLE REGIONAL AIRPORT NC US,645.3,35.43194,-82.5375,20100105 16:00,456,10192,283
GHCND:USW00003812,ASHEVILLE REGIONAL AIRPORT NC US,645.3,35.43194,-82.5375,20100105 17:00,439,10196,284
GHCND:USW00003812,ASHEVILLE REGIONAL AIRPORT NC US,645.3,35.43194,-82.5375,20100105 18:00,411,10200,283
GHCND:USW00003812,ASHEVILLE REGIONAL AIRPORT NC US,645.3,35.43194,-82.5375,20100105 19:00,394,10205,287
GHCND:USW00003812,ASHEVILLE REGIONAL AIRPORT NC US,645.3,35.43194,-82.5375,20100105 20:00,382,10208,288
GHCND:USW00003812,ASHEVILLE REGIONAL AIRPORT NC US,645.3,35.43194,-82.5375,20100105 21:00,371,10209,288
GHCND:USW00003812,ASHEVILLE REGIONAL AIRPORT NC US,645.3,35.43194,-82.5375,20100105 22:00,363,10209,288
GHCND:USW00003812,ASHEVILLE REGIONAL AIRPORT NC US,645.3,35.43194,-82.5375,20100105 23:00,355,10208,287
GHCND:USW00003812,ASHEVILLE REGIONAL AIRPORT NC US,645.3,35.43194,-82.5375,20100106 00:00,348,10204,285
GHCND:USW00003812,ASHEVILLE REGIONAL AIRPORT NC US,645.3,35.43194,-82.5375,20100106 01:00,342,10201,282
GHCND:USW00003812,ASHEVILLE REGIONAL AIRPORT NC US,645.3,35.43194,-82.5375,20100106 02:00,337,10199,280
GHCND:USW00003812,ASHEVILLE REGIONAL AIRPORT NC US,645.3,35.43194,-82.5375,20100106 03:00,332,10200,278
GHCND:USW00003812,ASHEVILLE REGIONAL AIRPORT NC US,645.3,35.43194,-82.5375,20100106 04:00,328,10201,276
GHCND:USW00003812,ASHEVILLE REGIONAL AIRPORT NC US,645.3,35.43194,-82.5375,20100106 05:00,325,10199,275
GHCND:USW00003812,ASHEVILLE REGIONAL AIRPORT NC US,645.3,35.43194,-82.5375,20100106 06:00,322,10202,274
GHCND:USW00003812,ASHEVILLE REGIONAL AIRPORT NC US,645.3,35.43194,-82.5375,20100106 07:00,321,10206,273
GHCND:USW00003812,ASHEVILLE REGIONAL AIRPORT NC US,645.3,35.43194,-82.5375,20100106 08:00,318,10211,272
GHCND:USW00003812,ASHEVILLE REGIONAL AIRPORT NC US,645.3,35.43194,-82.5375,20100106 09:00,335,10216,280
GHCND:USW00003812,ASHEVILLE REGIONAL AIRPORT NC US,645.3,35.43194,-82.5375,20100106 10:00,363,10219,286
GHCND:USW00003812,ASHEVILLE REGIONAL AIRPORT NC US,645.3,35.43194,-82.5375,20100106 11:00,393,10219,289
GHCND:USW00003812,ASHEVILLE REGIONAL AIRPORT NC US,645.3,35.43194,-82.5375,20100106 12:00,420,10210,289
GHCND:USW00003812,ASHEVILLE REGIONAL AIRPORT NC US,645.3,35.43194,-82.5375,20100106 13:00,440,10199,286
GHCND:USW00003812,ASHEVILLE REGIONAL AIRPORT NC US,645.3,35.43194,-82.5375,20100106 14:00,453,10192,283
GHCND:USW00003812,ASHEVILLE REGIONAL AIRPORT NC US,645.3,35.43194,-82.5375,20100106 15:00,459,10189,280
GHCND:USW00003812,ASHEVILLE REGIONAL AIRPORT NC US,645.3,35.43194,-82.5375,20100106 16:00,455,10191,281
GHCND:USW00003812,ASHEVILLE REGIONAL AIRPORT NC US,645.3,35.43194,-82.5375,20100106 17:00,438,10195,282
GHCND:USW00003812,ASHEVILLE REGIONAL AIRPORT NC US,645.3,35.43194,-82.5375,20100106 18:00,411,10200,281
GHCND:USW00003812,ASHEVILLE REGIONAL AIRPORT NC US,645.3,35.43194,-82.5375,20100106 19:00,394,10205,285
GHCND:USW00003812,ASHEVILLE REGIONAL AIRPORT NC US,645.3,35.43194,-82.5375,20100106 20:00,381,10207,287
GHCND:USW00003812,ASHEVILLE REGIONAL AIRPORT NC US,645.3,35.43194,-82.5375,20100106 21:00,371,10209,287
GHCND:USW00003812,ASHEVILLE REGIONAL AIRPORT NC US,645.3,35.43194,-82.5375,20100106 22:00,362,10208,286
GHCND:USW00003812,ASHEVILLE REGIONAL AIRPORT NC US,645.3,35.43194,-82.5375,20100106 23:00,354,10207,286
GHCND:USW00003812,ASHEVILLE REGIONAL AIRPORT NC US,645.3,35.43194,-82.5375,20100107 00:00,347,10203,284
GHCND:USW00003812,ASHEVILLE REGIONAL AIRPORT NC US,645.3,35.43194,-82.5375,20100107 01:00,341,10200,282
GHCND:USW00003812,ASHEVILLE REGIONAL AIRPORT NC US,645.3,35.43194,-82.5375,20100107 02:00,336,10198,279
GHCND:USW00003812,ASHEVILLE REGIONAL AIRPORT NC US,645.3,35.43194,-82.5375,20100107 03:00,332,10199,277
GHCND:USW00003812,ASHEVILLE REGIONAL AIRPORT NC US,645.3,35.43194,-82.5375,20100107 04:00,328,10199,276
GHCND:USW00003812,ASHEVILLE REGIONAL AIRPORT NC US,645.3,35.43194,-82.5375,20100107 05:00,325,10198,274
GHCND:USW00003812,ASHEVILLE REGIONAL AIRPORT NC US,645.3,35.43194,-82.5375,20100107 06:00,322,10201,274
GHCND:USW00003812,ASHEVILLE REGIONAL AIRPORT NC US,645.3,35.43194,-82.5375,20100107 07:00,320,10205,274
GHCND:USW00003812,ASHEVILLE REGIONAL AIRPORT NC US,645.3,35.43194,-82.5375,20100107 08:00,318,10210,272
GHCND:USW00003812,ASHEVILLE REGIONAL AIRPORT NC US,645.3,35.43194,-82.5375,20100107 09:00,334,10214,280
GHCND:USW00003812,ASHEVILLE REGIONAL AIRPORT NC US,645.3,35.43194,-82.5375,20100107 10:00,362,10217,286
GHCND:USW00003812,ASHEVILLE REGIONAL AIRPORT NC US,645.3,35.43194,-82.5375,20100107 11:00,392,10216,290
GHCND:USW00003812,ASHEVILLE REGIONAL AIRPORT NC US,645.3,35.43194,-82.5375,20100107 12:00,419,10208,290
GHCND:USW00003812,ASHEVILLE REGIONAL AIRPORT NC US,645.3,35.43194,-82.5375,20100107 13:00,440,10197,287
GHCND:USW00003812,ASHEVILLE REGIONAL AIRPORT NC US,645.3,35.43194,-82.5375,20100107 14:00,453,10190,283
GHCND:USW00003812,ASHEVILLE REGIONAL AIRPORT NC US,645.3,35.43194,-82.5375,20100107 15:00,459,10187,281
GHCND:USW00003812,ASHEVILLE REGIONAL AIRPORT NC US,645.3,35.43194,-82.5375,20100107 16:00,454,10189,281
GHCND:USW00003812,ASHEVILLE REGIONAL AIRPORT NC US,645.3,35.43194,-82.5375,20100107 17:00,438,10193,281
GHCND:USW00003812,ASHEVILLE REGIONAL AIRPORT NC US,645.3,35.43194,-82.5375,20100107 18:00,410,10198,281
GHCND:USW00003812,ASHEVILLE REGIONAL AIRPORT NC US,645.3,35.43194,-82.5375,20100107 19:00,393,10203,284
GHCND:USW00003812,ASHEVILLE REGIONAL AIRPORT NC US,645.3,35.43194,-82.5375,20100107 20:00,380,10205,285
GHCND:USW00003812,ASHEVILLE REGIONAL AIRPORT NC US,645.3,35.43194,-82.5375,20100107 21:00,370,10207,286
GHCND:USW00003812,ASHEVILLE REGIONAL AIRPORT NC US,645.3,35.43194,-82.5375,20100107 22:00,361,10206,286
GHCND:USW00003812,ASHEVILLE REGIONAL AIRPORT NC US,645.3,35.43194,-82.5375,20100107 23:00,353,10205,285
GHCND:USW00003812,ASHEVILLE REGIONAL AIRPORT NC US,645.3,35.43194,-82.5375,20100108 00:00,346,10202,282
GHCND:USW00003812,ASHEVILLE REGIONAL AIRPORT NC US,645.3,35.43194,-82.5375,20100108 01:00,340,10198,280
GHCND:USW00003812,ASHEVILLE REGIONAL AIRPORT NC US,645.3,35.43194,-82.5375,20100108 02:00,334,10196,278
GHCND:USW00003812,ASHEVILLE REGIONAL AIRPORT NC US,645.3,35.43194,-82.5375,20100108 03:00,330,10197,276
GHCND:USW00003812,ASHEVILLE REGIONAL AIRPORT NC US,645.3,35.43194,-82.5375,20100108 04:00,326,10198,275
GHCND:USW00003812,ASHEVILLE REGIONAL AIRPORT NC US,645.3,35.43194,-82.5375,20100108 05:00,322,10196,273
GHCND:USW00003812,ASHEVILLE REGIONAL AIRPORT NC US,645.3,35.43194,-82.5375,20100108 06:00,320,10199,272
GHCND:USW00003812,ASHEVILLE REGIONAL AIRPORT NC US,645.3,35.43194,-82.5375,20100108 07:00,317,10203,271
GHCND:USW00003812,ASHEVILLE REGIONAL AIRPORT NC US,645.3,35.43194,-82.5375,20100108 08:00,315,10209,269
GHCND:USW00003812,ASHEVILLE REGIONAL AIRPORT NC US,645.3,35.43194,-82.5375,20100108 09:00,331,10213,276
GHCND:USW00003812,ASHEVILLE REGIONAL AIRPORT NC US,645.3,35.43194,-82.5375,20100108 10:00,359,10216,283
GHCND:USW00003812,ASHEVILLE REGIONAL AIRPORT NC US,645.3,35.43194,-82.5375,20100108 11:00,390,10216,285
GHCND:USW00003812,ASHEVILLE REGIONAL AIRPORT NC US,645.3,35.43194,-82.5375,20100108 12:00,416,10208,284
GHCND:USW00003812,ASHEVILLE REGIONAL AIRPORT NC US,645.3,35.43194,-82.5375,20100108 13:00,437,10196,280
GHCND:USW00003812,ASHEVILLE REGIONAL AIRPORT NC US,645.3,35.43194,-82.5375,20100108 14:00,451,10189,277
GHCND:USW00003812,ASHEVILLE REGIONAL AIRPORT NC US,645.3,35.43194,-82.5375,20100108 15:00,457,10187,274
GHCND:USW00003812,ASHEVILLE REGIONAL AIRPORT NC US,645.3,35.43194,-82.5375,20100108 16:00,452,10188,274
GHCND:USW00003812,ASHEVILLE REGIONAL AIRPORT NC US,645.3,35.43194,-82.5375,20100108 17:00,436,10193,274
GHCND:USW00003812,ASHEVILLE REGIONAL AIRPORT NC US,645.3,35.43194,-82.5375,20100108 18:00,408,10197,275
GHCND:USW00003812,ASHEVILLE REGIONAL AIRPORT NC US,645.3,35.43194,-82.5375,20100108 19:00,390,10202,278
GHCND:USW00003812,ASHEVILLE REGIONAL AIRPORT NC US,645.3,35.43194,-82.5375,20100108 20:00,377,10205,280
GHCND:USW00003812,ASHEVILLE REGIONAL AIRPORT NC US,645.3,35.43194,-82.5375,20100108 21:00,367,10206,280
GHCND:USW00003812,ASHEVILLE REGIONAL AIRPORT NC US,645.3,35.43194,-82.5375,20100108 22:00,357,10206,280
GHCND:USW00003812,ASHEVILLE REGIONAL AIRPORT NC US,645.3,35.43194,-82.5375,20100108 23:00,349,10205,279
GHCND:USW00003812,ASHEVILLE REGIONAL AIRPORT NC US,645.3,35.43194,-82.5375,20100109 00:00,343,10201,278
GHCND:USW00003812,ASHEVILLE REGIONAL AIRPORT NC US,645.3,35.43194,-82.5375,20100109 01:00,336,10198,275
GHCND:USW00003812,ASHEVILLE REGIONAL AIRPORT NC US,645.3,35.43194,-82.5375,20100109 02:00,331,10196,273
GHCND:USW00003812,ASHEVILLE REGIONAL AIRPORT NC US,645.3,35.43194,-82.5375,20100109 03:00,326,10197,271
GHCND:USW00003812,ASHEVILLE REGIONAL AIRPORT NC US,645.3,35.43194,-82.5375,20100109 04:00,322,10197,270
GHCND:USW00003812,ASHEVILLE REGIONAL AIRPORT NC US,645.3,35.43194,-82.5375,20100109 05:00,319,10196,268
GHCND:USW00003812,ASHEVILLE REGIONAL AIRPORT NC US,645.3,35.43194,-82.5375,20100109 06:00,316,10199,267
GHCND:USW00003812,ASHEVILLE REGIONAL AIRPORT NC US,645.3,35.43194,-82.5375,20100109 07:00,313,10203,266
GHCND:USW00003812,ASHEVILLE REGIONAL AIRPORT NC US,645.3,35.43194,-82.5375,20100109 08:00,311,10209,265
GHCND:USW00003812,ASHEVILLE REGIONAL AIRPORT NC US,645.3,35.43194,-82.5375,20100109 09:00,328,10212,272
GHCND:USW00003812,ASHEVILLE REGIONAL AIRPORT NC US,645.3,35.43194,-82.5375,20100109 10:00,356,10216,278
GHCND:USW00003812,ASHEVILLE REGIONAL AIRPORT NC US,645.3,35.43194,-82.5375,20100109 11:00,386,10216,280
GHCND:USW00003812,ASHEVILLE REGIONAL AIRPORT NC US,645.3,35.43194,-82.5375,20100109 12:00,413,10208,279
GHCND:USW00003812,ASHEVILLE REGIONAL AIRPORT NC US,645.3,35.43194,-82.5375,20100109 13:00,434,10196,275
GHCND:USW00003812,ASHEVILLE REGIONAL AIRPORT NC US,645.3,35.43194,-82.5375,20100109 14:00,448,10189,272
GHCND:USW00003812,ASHEVILLE REGIONAL AIRPORT NC US,645.3,35.43194,-82.5375,20100109 15:00,454,10186,270
GHCND:USW00003812,ASHEVILLE REGIONAL AIRPORT NC US,645.3,35.43194,-82.5375,20100109 16:00,450,10188,269
GHCND:USW00003812,ASHEVILLE REGIONAL AIRPORT NC US,645.3,35.43194,-82.5375,20100109 17:00,433,10192,270
GHCND:USW00003812,ASHEVILLE REGIONAL AIRPORT NC US,645.3,35.43194,-82.5375,20100109 18:00,405,10197,271
GHCND:USW00003812,ASHEVILLE REGIONAL AIRPORT NC US,645.3,35.43194,-82.5375,20100109 19:00,387,10202,274
GHCND:USW00003812,ASHEVILLE REGIONAL AIRPORT NC US,645.3,35.43194,-82.5375,20100109 20:00,375,10204,275
GHCND:USW00003812,ASHEVILLE REGIONAL AIRPORT NC US,645.3,35.43194,-82.5375,20100109 21:00,364,10206,275
GHCND:USW00003812,ASHEVILLE REGIONAL AIRPORT NC US,645.3,35.43194,-82.5375,20100109 22:00,354,10205,275
GHCND:USW00003812,ASHEVILLE REGIONAL AIRPORT NC US,645.3,35.43194,-82.5375,20100109 23:00,346,10205,274
GHCND:USW00003812,ASHEVILLE REGIONAL AIRPORT NC US,645.3,35.43194,-82.5375,20100110 00:00,340,10201,273
GHCND:USW00003812,ASHEVILLE REGIONAL AIRPORT NC US,645.3,35.43194,-82.5375,20100110 01:00,333,10198,270
GHCND:USW00003812,ASHEVILLE REGIONAL AIRPORT NC US,645.3,35.43194,-82.5375,20100110 02:00,328,10196,268
GHCND:USW00003812,ASHEVILLE REGIONAL AIRPORT NC US,645.3,35.43194,-82.5375,20100110 03:00,323,10196,267
GHCND:USW00003812,ASHEVILLE REGIONAL AIRPORT NC US,645.3,35.43194,-82.5375,20100110 04:00,318,10197,266
GHCND:USW00003812,ASHEVILLE REGIONAL AIRPORT NC US,645.3,35.43194,-82.5375,20100110 05:00,315,10195,264
GHCND:USW00003812,ASHEVILLE REGIONAL AIRPORT NC US,645.3,35.43194,-82.5375,20100110 06:00,313,10198,264
GHCND:USW00003812,ASHEVILLE REGIONAL AIRPORT NC US,645.3,35.43194,-82.5375,20100110 07:00,310,10202,263
GHCND:USW00003812,ASHEVILLE REGIONAL AIRPORT NC US,645.3,35.43194,-82.5375,20100110 08:00,308,10208,262
GHCND:USW00003812,ASHEVILLE REGIONAL AIRPORT NC US,645.3,35.43194,-82.5375,20100110 09:00,325,10211,269
GHCND:USW00003812,ASHEVILLE REGIONAL AIRPORT NC US,645.3,35.43194,-82.5375,20100110 10:00,354,10215,275
GHCND:USW00003812,ASHEVILLE REGIONAL AIRPORT NC US,645.3,35.43194,-82.5375,20100110 11:00,384,10215,276
GHCND:USW00003812,ASHEVILLE REGIONAL AIRPORT NC US,645.3,35.43194,-82.5375,20100110 12:00,411,10207,275
GHCND:USW00003812,ASHEVILLE REGIONAL AIRPORT NC US,645.3,35.43194,-82.5375,20100110 13:00,431,10195,272
GHCND:USW00003812,ASHEVILLE REGIONAL AIRPORT NC US,645.3,35.43194,-82.5375,20100110 14:00,446,10188,270
GHCND:USW00003812,ASHEVILLE REGIONAL AIRPORT NC US,645.3,35.43194,-82.5375,20100110 15:00,452,10185,268
GHCND:USW00003812,ASHEVILLE REGIONAL AIRPORT NC US,645.3,35.43194,-82.5375,20100110 16:00,448,10187,267
GHCND:USW00003812,ASHEVILLE REGIONAL AIRPORT NC US,645.3,35.43194,-82.5375,20100110 17:00,432,10191,268
GHCND:USW00003812,ASHEVILLE REGIONAL AIRPORT NC US,645.3,35.43194,-82.5375,20100110 18:00,403,10195,269
GHCND:USW00003812,ASHEVILLE REGIONAL AIRPORT NC US,645.3,35.43194,-82.5375,20100110 19:00,386,10201,272
GHCND:USW00003812,ASHEVILLE REGIONAL AIRPORT NC US,645.3,35.43194,-82.5375,20100110 20:00,373,10203,273
GHCND:USW00003812,ASHEVILLE REGIONAL AIRPORT NC US,645.3,35.43194,-82.5375,20100110 21:00,362,10204,274
GHCND:USW00003812,ASHEVILLE REGIONAL AIRPORT NC US,645.3,35.43194,-82.5375,20100110 22:00,352,10204,273
GHCND:USW00003812,ASHEVILLE REGIONAL AIRPORT NC US,645.3,35.43194,-82.5375,20100110 23:00,344,10204,272
GHCND:USW00003812,ASHEVILLE REGIONAL AIRPORT NC US,645.3,35.43194,-82.5375,20100111 00:00,338,10200,270
GHCND:USW00003812,ASHEVILLE REGIONAL AIRPORT NC US,645.3,35.43194,-82.5375,20100111 01:00,331,10197,267
GHCND:USW00003812,ASHEVILLE REGIONAL AIRPORT NC US,645.3,35.43194,-82.5375,20100111 02:00,326,10195,265
GHCND:USW00003812,ASHEVILLE REGIONAL AIRPORT NC US,645.3,35.43194,-82.5375,20100111 03:00,322,10195,264
GHCND:USW00003812,ASHEVILLE REGIONAL AIRPORT NC US,645.3,35.43194,-82.5375,20100111 04:00,317,10195,263
GHCND:USW00003812,ASHEVILLE REGIONAL AIRPORT NC US,645.3,35.43194,-82.5375,20100111 05:00,313,10194,262
GHCND:USW00003812,ASHEVILLE REGIONAL AIRPORT NC US,645.3,35.43194,-82.5375,20100111 06:00,311,10197,261
GHCND:USW00003812,ASHEVILLE REGIONAL AIRPORT NC US,645.3,35.43194,-82.5375,20100111 07:00,309,10201,260
GHCND:USW00003812,ASHEVILLE REGIONAL AIRPORT NC US,645.3,35.43194,-82.5375,20100111 08:00,307,10207,259
GHCND:USW00003812,ASHEVILLE REGIONAL AIRPORT NC US,645.3,35.43194,-82.5375,20100111 09:00,323,10211,266
GHCND:USW00003812,ASHEVILLE REGIONAL AIRPORT NC US,645.3,35.43194,-82.5375,20100111 10:00,352,10214,272
GHCND:USW00003812,ASHEVILLE REGIONAL AIRPORT NC US,645.3,35.43194,-82.5375,20100111 11:00,382,10214,274
GHCND:USW00003812,ASHEVILLE REGIONAL AIRPORT NC US,645.3,35.43194,-82.5375,20100111 12:00,409,10206,273
GHCND:USW00003812,ASHEVILLE REGIONAL AIRPORT NC US,645.3,35.43194,-82.5375,20100111 13:00,430,10194,269
GHCND:USW00003812,ASHEVILLE REGIONAL AIRPORT NC US,645.3,35.43194,-82.5375,20100111 14:00,444,10187,266
GHCND:USW00003812,ASHEVILLE REGIONAL AIRPORT NC US,645.3,35.43194,-82.5375,20100111 15:00,451,10184,264
GHCND:USW00003812,ASHEVILLE REGIONAL AIRPORT NC US,645.3,35.43194,-82.5375,20100111 16:00,447,10186,263
GHCND:USW00003812,ASHEVILLE REGIONAL AIRPORT NC US,645.3,35.43194,-82.5375,20100111 17:00,432,10190,264
GHCND:USW00003812,ASHEVILLE REGIONAL AIRPORT NC US,645.3,35.43194,-82.5375,20100111 18:00,403,10195,265
GHCND:USW00003812,ASHEVILLE REGIONAL AIRPORT NC US,645.3,35.43194,-82.5375,20100111 19:00,385,10200,268
GHCND:USW00003812,ASHEVILLE REGIONAL AIRPORT NC US,645.3,35.43194,-82.5375,20100111 20:00,372,10203,270
GHCND:USW00003812,ASHEVILLE REGIONAL AIRPORT NC US,645.3,35.43194,-82.5375,20100111 21:00,361,10204,271
GHCND:USW00003812,ASHEVILLE REGIONAL AIRPORT NC US,645.3,35.43194,-82.5375,20100111 22:00,351,10203,271
GHCND:USW00003812,ASHEVILLE REGIONAL AIRPORT NC US,645.3,35.43194,-82.5375,20100111 23:00,343,10203,269
GHCND:USW00003812,ASHEVILLE REGIONAL AIRPORT NC US,645.3,35.43194,-82.5375,20100112 00:00,337,10199,268
GHCND:USW00003812,ASHEVILLE REGIONAL AIRPORT NC US,645.3,35.43194,-82.5375,20100112 01:00,330,10196,264
GHCND:USW00003812,ASHEVILLE REGIONAL AIRPORT NC US,645.3,35.43194,-82.5375,20100112 02:00,326,10194,262
GHCND:USW00003812,ASHEVILLE REGIONAL AIRPORT NC US,645.3,35.43194,-82.5375,20100112 03:00,322,10194,261
GHCND:USW00003812,ASHEVILLE REGIONAL AIRPORT NC US,645.3,35.43194,-82.5375,20100112 04:00,317,10194,261
GHCND:USW00003812,ASHEVILLE REGIONAL AIRPORT NC US,645.3,35.43194,-82.5375,20100112 05:00,313,10193,259
GHCND:USW00003812,ASHEVILLE REGIONAL AIRPORT NC US,645.3,35.43194,-82.5375,20100112 06:00,310,10196,258
GHCND:USW00003812,ASHEVILLE REGIONAL AIRPORT NC US,645.3,35.43194,-82.5375,20100112 07:00,308,10200,257
GHCND:USW00003812,ASHEVILLE REGIONAL AIRPORT NC US,645.3,35.43194,-82.5375,20100112 08:00,306,10206,256
GHCND:USW00003812,ASHEVILLE REGIONAL AIRPORT NC US,645.3,35.43194,-82.5375,20100112 09:00,322,10209,263
GHCND:USW00003812,ASHEVILLE REGIONAL AIRPORT NC US,645.3,35.43194,-82.5375,20100112 10:00,350,10213,268
GHCND:USW00003812,ASHEVILLE REGIONAL AIRPORT NC US,645.3,35.43194,-82.5375,20100112 11:00,379,10212,269
GHCND:USW00003812,ASHEVILLE REGIONAL AIRPORT NC US,645.3,35.43194,-82.5375,20100112 12:00,406,10205,268
GHCND:USW00003812,ASHEVILLE REGIONAL AIRPORT NC US,645.3,35.43194,-82.5375,20100112 13:00,426,10193,265
GHCND:USW00003812,ASHEVILLE REGIONAL AIRPORT NC US,645.3,35.43194,-82.5375,20100112 14:00,441,10186,262
GHCND:USW00003812,ASHEVILLE REGIONAL AIRPORT NC US,645.3,35.43194,-82.5375,20100112 15:00,448,10182,260
GHCND:USW00003812,ASHEVILLE REGIONAL AIRPORT NC US,645.3,35.43194,-82.5375,20100112 16:00,444,10184,259
GHCND:USW00003812,ASHEVILLE REGIONAL AIRPORT NC US,645.3,35.43194,-82.5375,20100112 17:00,429,10189,260
GHCND:USW00003812,ASHEVILLE REGIONAL AIRPORT NC US,645.3,35.43194,-82.5375,20100112 18:00,400,10193,262
GHCND:USW00003812,ASHEVILLE REGIONAL AIRPORT NC US,645.3,35.43194,-82.5375,20100112 19:00,382,10198,265
GHCND:USW00003812,ASHEVILLE REGIONAL AIRPORT NC US,645.3,35.43194,-82.5375,20100112 20:00,369,10201,267
GHCND:USW00003812,ASHEVILLE REGIONAL AIRPORT NC US,645.3,35.43194,-82.5375,20100112 21:00,358,10202,267
GHCND:USW00003812,ASHEVILLE REGIONAL AIRPORT NC US,645.3,35.43194,-82.5375,20100112 22:00,349,10202,267
GHCND:USW00003812,ASHEVILLE REGIONAL AIRPORT NC US,645.3,35.43194,-82.5375,20100112 23:00,341,10201,266
GHCND:USW00003812,ASHEVILLE REGIONAL AIRPORT NC US,645.3,35.43194,-82.5375,20100113 00:00,334,10198,264
GHCND:USW00003812,ASHEVILLE REGIONAL AIRPORT NC US,645.3,35.43194,-82.5375,20100113 01:00,328,10194,261
GHCND:USW00003812,ASHEVILLE REGIONAL AIRPORT NC US,645.3,35.43194,-82.5375,20100113 02:00,323,10192,259
GHCND:USW00003812,ASHEVILLE REGIONAL AIRPORT NC US,645.3,35.43194,-82.5375,20100113 03:00,319,10193,257
GHCND:USW00003812,ASHEVILLE REGIONAL AIRPORT NC US,645.3,35.43194,-82.5375,20100113 04:00,314,10192,257
GHCND:USW00003812,ASHEVILLE REGIONAL AIRPORT NC US,645.3,35.43194,-82.5375,20100113 05:00,310,10191,256
GHCND:USW00003812,ASHEVILLE REGIONAL AIRPORT NC US,645.3,35.43194,-82.5375,20100113 06:00,308,10194,254
GHCND:USW00003812,ASHEVILLE REGIONAL AIRPORT NC US,645.3,35.43194,-82.5375,20100113 07:00,306,10199,254
GHCND:USW00003812,ASHEVILLE REGIONAL AIRPORT NC US,645.3,35.43194,-82.5375,20100113 08:00,304,10204,253
GHCND:USW00003812,ASHEVILLE REGIONAL AIRPORT NC US,645.3,35.43194,-82.5375,20100113 09:00,321,10208,260
GHCND:USW00003812,ASHEVILLE REGIONAL AIRPORT NC US,645.3,35.43194,-82.5375,20100113 10:00,348,10211,265
GHCND:USW00003812,ASHEVILLE REGIONAL AIRPORT NC US,645.3,35.43194,-82.5375,20100113 11:00,377,10211,266
GHCND:USW00003812,ASHEVILLE REGIONAL AIRPORT NC US,645.3,35.43194,-82.5375,20100113 12:00,403,10203,265
GHCND:USW00003812,ASHEVILLE REGIONAL AIRPORT NC US,645.3,35.43194,-82.5375,20100113 13:00,424,10192,262
GHCND:USW00003812,ASHEVILLE REGIONAL AIRPORT NC US,645.3,35.43194,-82.5375,20100113 14:00,438,10185,259
GHCND:USW00003812,ASHEVILLE REGIONAL AIRPORT NC US,645.3,35.43194,-82.5375,20100113 15:00,444,10182,257
GHCND:USW00003812,ASHEVILLE REGIONAL AIRPORT NC US,645.3,35.43194,-82.5375,20100113 16:00,441,10184,256
GHCND:USW00003812,ASHEVILLE REGIONAL AIRPORT NC US,645.3,35.43194,-82.5375,20100113 17:00,426,10188,258
GHCND:USW00003812,ASHEVILLE REGIONAL AIRPORT NC US,645.3,35.43194,-82.5375,20100113 18:00,397,10192,260
GHCND:USW00003812,ASHEVILLE REGIONAL AIRPORT NC US,645.3,35.43194,-82.5375,20100113 19:00,379,10197,263
GHCND:USW00003812,ASHEVILLE REGIONAL AIRPORT NC US,645.3,35.43194,-82.5375,20100113 20:00,367,10200,265
GHCND:USW00003812,ASHEVILLE REGIONAL AIRPORT NC US,645.3,35.43194,-82.5375,20100113 21:00,355,10201,265
GHCND:USW00003812,ASHEVILLE REGIONAL AIRPORT NC US,645.3,35.43194,-82.5375,20100113 22:00,346,10201,265
GHCND:USW00003812,ASHEVILLE REGIONAL AIRPORT NC US,645.3,35.43194,-82.5375,20100113 23:00,338,10201,264
GHCND:USW00003812,ASHEVILLE REGIONAL AIRPORT NC US,645.3,35.43194,-82.5375,20100114 00:00,331,10198,262
GHCND:USW00003812,ASHEVILLE REGIONAL AIRPORT NC US,645.3,35.43194,-82.5375,20100114 01:00,325,10194,258
GHCND:USW00003812,ASHEVILLE REGIONAL AIRPORT NC US,645.3,35.43194,-82.5375,20100114 02:00,320,10193,257
GHCND:USW00003812,ASHEVILLE REGIONAL AIRPORT NC US,645.3,35.43194,-82.5375,20100114 03:00,316,10193,254
GHCND:USW00003812,ASHEVILLE REGIONAL AIRPORT NC US,645.3,35.43194,-82.5375,20100114 04:00,310,10193,254
GHCND:USW00003812,ASHEVILLE REGIONAL AIRPORT NC US,645.3,35.43194,-82.5375,20100114 05:00,308,10192,253
GHCND:USW00003812,ASHEVILLE REGIONAL AIRPORT NC US,645.3,35.43194,-82.5375,20100114 06:00,305,10195,252
GHCND:USW00003812,ASHEVILLE REGIONAL AIRPORT NC US,645.3,35.43194,-82.5375,20100114 07:00,303,10199,251
GHCND:USW00003812,ASHEVILLE REGIONAL AIRPORT NC US,645.3,35.43194,-82.5375,20100114 08:00,301,10205,250
GHCND:USW00003812,ASHEVILLE REGIONAL AIRPORT NC US,645.3,35.43194,-82.5375,20100114 09:00,317,10208,256
GHCND:USW00003812,ASHEVILLE REGIONAL AIRPORT NC US,645.3,35.43194,-82.5375,20100114 10:00,345,10212,261
GHCND:USW00003812,ASHEVILLE REGIONAL AIRPORT NC US,645.3,35.43194,-82.5375,20100114 11:00,374,10212,263
GHCND:USW00003812,ASHEVILLE REGIONAL AIRPORT NC US,645.3,35.43194,-82.5375,20100114 12:00,401,10205,262
GHCND:USW00003812,ASHEVILLE REGIONAL AIRPORT NC US,645.3,35.43194,-82.5375,20100114 13:00,421,10194,258
GHCND:USW00003812,ASHEVILLE REGIONAL AIRPORT NC US,645.3,35.43194,-82.5375,20100114 14:00,435,10186,255
GHCND:USW00003812,ASHEVILLE REGIONAL AIRPORT NC US,645.3,35.43194,-82.5375,20100114 15:00,441,10183,253
GHCND:USW00003812,ASHEVILLE REGIONAL AIRPORT NC US,645.3,35.43194,-82.5375,20100114 16:00,438,10185,252
GHCND:USW00003812,ASHEVILLE REGIONAL AIRPORT NC US,645.3,35.43194,-82.5375,20100114 17:00,423,10190,254
GHCND:USW00003812,ASHEVILLE REGIONAL AIRPORT NC US,645.3,35.43194,-82.5375,20100114 18:00,394,10194,256
GHCND:USW00003812,ASHEVILLE REGIONAL AIRPORT NC US,645.3,35.43194,-82.5375,20100114 19:00,376,10199,260
GHCND:USW00003812,ASHEVILLE REGIONAL AIRPORT NC US,645.3,35.43194,-82.5375,20100114 20:00,364,10202,261
GHCND:USW00003812,ASHEVILLE REGIONAL AIRPORT NC US,645.3,35.43194,-82.5375,20100114 21:00,352,10204,261
GHCND:USW00003812,ASHEVILLE REGIONAL AIRPORT NC US,645.3,35.43194,-82.5375,20100114 22:00,342,10204,261
GHCND:USW00003812,ASHEVILLE REGIONAL AIRPORT NC US,645.3,35.43194,-82.5375,20100114 23:00,335,10203,260
GHCND:USW00003812,ASHEVILLE REGIONAL AIRPORT NC US,645.3,35.43194,-82.5375,20100115 00:00,328,10200,258
GHCND:USW00003812,ASHEVILLE REGIONAL AIRPORT NC US,645.3,35.43194,-82.5375,20100115 01:00,322,10197,255
GHCND:USW00003812,ASHEVILLE REGIONAL AIRPORT NC US,645.3,35.43194,-82.5375,20100115 02:00,317,10195,253
GHCND:USW00003812,ASHEVILLE REGIONAL AIRPORT NC US,645.3,35.43194,-82.5375,20100115 03:00,312,10196,251
GHCND:USW00003812,ASHEVILLE REGIONAL AIRPORT NC US,645.3,35.43194,-82.5375,20100115 04:00,307,10194,250
GHCND:USW00003812,ASHEVILLE REGIONAL AIRPORT NC US,645.3,35.43194,-82.5375,20100115 05:00,304,10194,249
GHCND:USW00003812,ASHEVILLE REGIONAL AIRPORT NC US,645.3,35.43194,-82.5375,20100115 06:00,302,10197,249
GHCND:USW00003812,ASHEVILLE REGIONAL AIRPORT NC US,645.3,35.43194,-82.5375,20100115 07:00,299,10202,248
GHCND:USW00003812,ASHEVILLE REGIONAL AIRPORT NC US,645.3,35.43194,-82.5375,20100115 08:00,297,10207,247
GHCND:USW00003812,ASHEVILLE REGIONAL AIRPORT NC US,645.3,35.43194,-82.5375,20100115 09:00,314,10211,253
GHCND:USW00003812,ASHEVILLE REGIONAL AIRPORT NC US,645.3,35.43194,-82.5375,20100115 10:00,342,10214,259
GHCND:USW00003812,ASHEVILLE REGIONAL AIRPORT NC US,645.3,35.43194,-82.5375,20100115 11:00,371,10214,260
GHCND:USW00003812,ASHEVILLE REGIONAL AIRPORT NC US,645.3,35.43194,-82.5375,20100115 12:00,398,10206,260
GHCND:USW00003812,ASHEVILLE REGIONAL AIRPORT NC US,645.3,35.43194,-82.5375,20100115 13:00,419,10195,256
GHCND:USW00003812,ASHEVILLE REGIONAL AIRPORT NC US,645.3,35.43194,-82.5375,20100115 14:00,434,10187,253
GHCND:USW00003812,ASHEVILLE REGIONAL AIRPORT NC US,645.3,35.43194,-82.5375,20100115 15:00,441,10185,251
GHCND:USW00003812,ASHEVILLE REGIONAL AIRPORT NC US,645.3,35.43194,-82.5375,20100115 16:00,437,10186,250
GHCND:USW00003812,ASHEVILLE REGIONAL AIRPORT NC US,645.3,35.43194,-82.5375,20100115 17:00,422,10191,252
GHCND:USW00003812,ASHEVILLE REGIONAL AIRPORT NC US,645.3,35.43194,-82.5375,20100115 18:00,394,10195,254
GHCND:USW00003812,ASHEVILLE REGIONAL AIRPORT NC US,645.3,35.43194,-82.5375,20100115 19:00,375,10200,257
GHCND:USW00003812,ASHEVILLE REGIONAL AIRPORT NC US,645.3,35.43194,-82.5375,20100115 20:00,363,10203,259
GHCND:USW00003812,ASHEVILLE REGIONAL AIRPORT NC US,645.3,35.43194,-82.5375,20100115 21:00,351,10205,260
GHCND:USW00003812,ASHEVILLE REGIONAL AIRPORT NC US,645.3,35.43194,-82.5375,20100115 22:00,341,10205,259
GHCND:USW00003812,ASHEVILLE REGIONAL AIRPORT NC US,645.3,35.43194,-82.5375,20100115 23:00,333,10204,259
GHCND:USW00003812,ASHEVILLE REGIONAL AIRPORT NC US,645.3,35.43194,-82.5375,20100116 00:00,327,10201,256
GHCND:USW00003812,ASHEVILLE REGIONAL AIRPORT NC US,645.3,35.43194,-82.5375,20100116 01:00,320,10198,253
GHCND:USW00003812,ASHEVILLE REGIONAL AIRPORT NC US,645.3,35.43194,-82.5375,20100116 02:00,315,10196,252
GHCND:USW00003812,ASHEVILLE REGIONAL AIRPORT NC US,645.3,35.43194,-82.5375,20100116 03:00,310,10196,249
GHCND:USW00003812,ASHEVILLE REGIONAL AIRPORT NC US,645.3,35.43194,-82.5375,20100116 04:00,305,10195,249
GHCND:USW00003812,ASHEVILLE REGIONAL AIRPORT NC US,645.3,35.43194,-82.5375,20100116 05:00,302,10195,247
GHCND:USW00003812,ASHEVILLE REGIONAL AIRPORT NC US,645.3,35.43194,-82.5375,20100116 06:00,300,10198,247
GHCND:USW00003812,ASHEVILLE REGIONAL AIRPORT NC US,645.3,35.43194,-82.5375,20100116 07:00,297,10202,246
GHCND:USW00003812,ASHEVILLE REGIONAL AIRPORT NC US,645.3,35.43194,-82.5375,20100116 08:00,295,10207,245
GHCND:USW00003812,ASHEVILLE REGIONAL AIRPORT NC US,645.3,35.43194,-82.5375,20100116 09:00,312,10210,252
GHCND:USW00003812,ASHEVILLE REGIONAL AIRPORT NC US,645.3,35.43194,-82.5375,20100116 10:00,341,10214,258
GHCND:USW00003812,ASHEVILLE REGIONAL AIRPORT NC US,645.3,35.43194,-82.5375,20100116 11:00,370,10214,260
GHCND:USW00003812,ASHEVILLE REGIONAL AIRPORT NC US,645.3,35.43194,-82.5375,20100116 12:00,398,10206,258
GHCND:USW00003812,ASHEVILLE REGIONAL AIRPORT NC US,645.3,35.43194,-82.5375,20100116 13:00,419,10195,256
GHCND:USW00003812,ASHEVILLE REGIONAL AIRPORT NC US,645.3,35.43194,-82.5375,20100116 14:00,435,10186,253
GHCND:USW00003812,ASHEVILLE REGIONAL AIRPORT NC US,645.3,35.43194,-82.5375,20100116 15:00,442,10184,251
GHCND:USW00003812,ASHEVILLE REGIONAL AIRPORT NC US,645.3,35.43194,-82.5375,20100116 16:00,438,10185,250
GHCND:USW00003812,ASHEVILLE REGIONAL AIRPORT NC US,645.3,35.43194,-82.5375,20100116 17:00,424,10189,252
GHCND:USW00003812,ASHEVILLE REGIONAL AIRPORT NC US,645.3,35.43194,-82.5375,20100116 18:00,396,10194,255
GHCND:USW00003812,ASHEVILLE REGIONAL AIRPORT NC US,645.3,35.43194,-82.5375,20100116 19:00,376,10199,258
GHCND:USW00003812,ASHEVILLE REGIONAL AIRPORT NC US,645.3,35.43194,-82.5375,20100116 20:00,364,10202,260
GHCND:USW00003812,ASHEVILLE REGIONAL AIRPORT NC US,645.3,35.43194,-82.5375,20100116 21:00,352,10203,260
GHCND:USW00003812,ASHEVILLE REGIONAL AIRPORT NC US,645.3,35.43194,-82.5375,20100116 22:00,342,10203,260
GHCND:USW00003812,ASHEVILLE REGIONAL AIRPORT NC US,645.3,35.43194,-82.5375,20100116 23:00,334,10202,259
GHCND:USW00003812,ASHEVILLE REGIONAL AIRPORT NC US,645.3,35.43194,-82.5375,20100117 00:00,327,10200,257
GHCND:USW00003812,ASHEVILLE REGIONAL AIRPORT NC US,645.3,35.43194,-82.5375,20100117 01:00,321,10196,254
GHCND:USW00003812,ASHEVILLE REGIONAL AIRPORT NC US,645.3,35.43194,-82.5375,20100117 02:00,316,10194,252
GHCND:USW00003812,ASHEVILLE REGIONAL AIRPORT NC US,645.3,35.43194,-82.5375,20100117 03:00,311,10195,250
GHCND:USW00003812,ASHEVILLE REGIONAL AIRPORT NC US,645.3,35.43194,-82.5375,20100117 04:00,305,10193,249
GHCND:USW00003812,ASHEVILLE REGIONAL AIRPORT NC US,645.3,35.43194,-82.5375,20100117 05:00,303,10193,248
GHCND:USW00003812,ASHEVILLE REGIONAL AIRPORT NC US,645.3,35.43194,-82.5375,20100117 06:00,301,10196,248
GHCND:USW00003812,ASHEVILLE REGIONAL AIRPORT NC US,645.3,35.43194,-82.5375,20100117 07:00,298,10200,246
GHCND:USW00003812,ASHEVILLE REGIONAL AIRPORT NC US,645.3,35.43194,-82.5375,20100117 08:00,296,10205,246
GHCND:USW00003812,ASHEVILLE REGIONAL AIRPORT NC US,645.3,35.43194,-82.5375,20100117 09:00,314,10209,253
GHCND:USW00003812,ASHEVILLE REGIONAL AIRPORT NC US,645.3,35.43194,-82.5375,20100117 10:00,342,10212,258
GHCND:USW00003812,ASHEVILLE REGIONAL AIRPORT NC US,645.3,35.43194,-82.5375,20100117 11:00,371,10212,260
GHCND:USW00003812,ASHEVILLE REGIONAL AIRPORT NC US,645.3,35.43194,-82.5375,20100117 12:00,399,10205,258
GHCND:USW00003812,ASHEVILLE REGIONAL AIRPORT NC US,645.3,35.43194,-82.5375,20100117 13:00,420,10193,256
GHCND:USW00003812,ASHEVILLE REGIONAL AIRPORT NC US,645.3,35.43194,-82.5375,20100117 14:00,435,10185,252
GHCND:USW00003812,ASHEVILLE REGIONAL AIRPORT NC US,645.3,35.43194,-82.5375,20100117 15:00,441,10182,250
GHCND:USW00003812,ASHEVILLE REGIONAL AIRPORT NC US,645.3,35.43194,-82.5375,20100117 16:00,438,10184,249
GHCND:USW00003812,ASHEVILLE REGIONAL AIRPORT NC US,645.3,35.43194,-82.5375,20100117 17:00,424,10188,251
GHCND:USW00003812,ASHEVILLE REGIONAL AIRPORT NC US,645.3,35.43194,-82.5375,20100117 18:00,395,10193,254
GHCND:USW00003812,ASHEVILLE REGIONAL AIRPORT NC US,645.3,35.43194,-82.5375,20100117 19:00,376,10198,257
GHCND:USW00003812,ASHEVILLE REGIONAL AIRPORT NC US,645.3,35.43194,-82.5375,20100117 20:00,364,10201,259
GHCND:USW00003812,ASHEVILLE REGIONAL AIRPORT NC US,645.3,35.43194,-82.5375,20100117 21:00,352,10202,259
GHCND:USW00003812,ASHEVILLE REGIONAL AIRPORT NC US,645.3,35.43194,-82.5375,20100117 22:00,342,10202,259
GHCND:USW00003812,ASHEVILLE REGIONAL AIRPORT NC US,645.3,35.43194,-82.5375,20100117 23:00,334,10201,258
GHCND:USW00003812,ASHEVILLE REGIONAL AIRPORT NC US,645.3,35.43194,-82.5375,20100118 00:00,327,10199,256
GHCND:USW00003812,ASHEVILLE REGIONAL AIRPORT NC US,645.3,35.43194,-82.5375,20100118 01:00,321,10195,253
GHCND:USW00003812,ASHEVILLE REGIONAL AIRPORT NC US,645.3,35.43194,-82.5375,20100118 02:00,316,10193,251
GHCND:USW00003812,ASHEVILLE REGIONAL AIRPORT NC US,645.3,35.43194,-82.5375,20100118 03:00,311,10193,249
GHCND:USW00003812,ASHEVILLE REGIONAL AIRPORT NC US,645.3,35.43194,-82.5375,20100118 04:00,305,10192,248
GHCND:USW00003812,ASHEVILLE REGIONAL AIRPORT NC US,645.3,35.43194,-82.5375,20100118 05:00,302,10192,247
GHCND:USW00003812,ASHEVILLE REGIONAL AIRPORT NC US,645.3,35.43194,-82.5375,20100118 06:00,300,10195,246
GHCND:USW00003812,ASHEVILLE REGIONAL AIRPORT NC US,645.3,35.43194,-82.5375,20100118 07:00,297,10199,244
GHCND:USW00003812,ASHEVILLE REGIONAL AIRPORT NC US,645.3,35.43194,-82.5375,20100118 08:00,295,10204,244
GHCND:USW00003812,ASHEVILLE REGIONAL AIRPORT NC US,645.3,35.43194,-82.5375,20100118 09:00,314,10208,251
GHCND:USW00003812,ASHEVILLE REGIONAL AIRPORT NC US,645.3,35.43194,-82.5375,20100118 10:00,341,10211,256
GHCND:USW00003812,ASHEVILLE REGIONAL AIRPORT NC US,645.3,35.43194,-82.5375,20100118 11:00,371,10211,258
GHCND:USW00003812,ASHEVILLE REGIONAL AIRPORT NC US,645.3,35.43194,-82.5375,20100118 12:00,399,10203,256
GHCND:USW00003812,ASHEVILLE REGIONAL AIRPORT NC US,645.3,35.43194,-82.5375,20100118 13:00,421,10192,254
GHCND:USW00003812,ASHEVILLE REGIONAL AIRPORT NC US,645.3,35.43194,-82.5375,20100118 14:00,436,10184,250
GHCND:USW00003812,ASHEVILLE REGIONAL AIRPORT NC US,645.3,35.43194,-82.5375,20100118 15:00,442,10181,248
GHCND:USW00003812,ASHEVILLE REGIONAL AIRPORT NC US,645.3,35.43194,-82.5375,20100118 16:00,439,10182,248
GHCND:USW00003812,ASHEVILLE REGIONAL AIRPORT NC US,645.3,35.43194,-82.5375,20100118 17:00,425,10186,249
GHCND:USW00003812,ASHEVILLE REGIONAL AIRPORT NC US,645.3,35.43194,-82.5375,20100118 18:00,396,10192,252
GHCND:USW00003812,ASHEVILLE REGIONAL AIRPORT NC US,645.3,35.43194,-82.5375,20100118 19:00,377,10196,255
GHCND:USW00003812,ASHEVILLE REGIONAL AIRPORT NC US,645.3,35.43194,-82.5375,20100118 20:00,364,10199,256
GHCND:USW00003812,ASHEVILLE REGIONAL AIRPORT NC US,645.3,35.43194,-82.5375,20100118 21:00,352,10201,257
GHCND:USW00003812,ASHEVILLE REGIONAL AIRPORT NC US,645.3,35.43194,-82.5375,20100118 22:00,342,10201,256
GHCND:USW00003812,ASHEVILLE REGIONAL AIRPORT NC US,645.3,35.43194,-82.5375,20100118 23:00,334,10200,256
GHCND:USW00003812,ASHEVILLE REGIONAL AIRPORT NC US,645.3,35.43194,-82.5375,20100119 00:00,327,10198,254
GHCND:USW00003812,ASHEVILLE REGIONAL AIRPORT NC US,645.3,35.43194,-82.5375,20100119 01:00,321,10194,252
GHCND:USW00003812,ASHEVILLE REGIONAL AIRPORT NC US,645.3,35.43194,-82.5375,20100119 02:00,315,10193,250
GHCND:USW00003812,ASHEVILLE REGIONAL AIRPORT NC US,645.3,35.43194,-82.5375,20100119 03:00,310,10193,247
GHCND:USW00003812,ASHEVILLE REGIONAL AIRPORT NC US,645.3,35.43194,-82.5375,20100119 04:00,304,10192,246
GHCND:USW00003812,ASHEVILLE REGIONAL AIRPORT NC US,645.3,35.43194,-82.5375,20100119 05:00,301,10192,244
GHCND:USW00003812,ASHEVILLE REGIONAL AIRPORT NC US,645.3,35.43194,-82.5375,20100119 06:00,299,10195,243
GHCND:USW00003812,ASHEVILLE REGIONAL AIRPORT NC US,645.3,35.43194,-82.5375,20100119 07:00,296,10199,242
GHCND:USW00003812,ASHEVILLE REGIONAL AIRPORT NC US,645.3,35.43194,-82.5375,20100119 08:00,294,10204,242
GHCND:USW00003812,ASHEVILLE REGIONAL AIRPORT NC US,645.3,35.43194,-82.5375,20100119 09:00,313,10208,249
GHCND:USW00003812,ASHEVILLE REGIONAL AIRPORT NC US,645.3,35.43194,-82.5375,20100119 10:00,340,10211,254
GHCND:USW00003812,ASHEVILLE REGIONAL AIRPORT NC US,645.3,35.43194,-82.5375,20100119 11:00,370,10211,256
GHCND:USW00003812,ASHEVILLE REGIONAL AIRPORT NC US,645.3,35.43194,-82.5375,20100119 12:00,398,10203,254
GHCND:USW00003812,ASHEVILLE REGIONAL AIRPORT NC US,645.3,35.43194,-82.5375,20100119 13:00,420,10192,252
GHCND:USW00003812,ASHEVILLE REGIONAL AIRPORT NC US,645.3,35.43194,-82.5375,20100119 14:00,436,10184,249
GHCND:USW00003812,ASHEVILLE REGIONAL AIRPORT NC US,645.3,35.43194,-82.5375,20100119 15:00,442,10181,247
GHCND:USW00003812,ASHEVILLE REGIONAL AIRPORT NC US,645.3,35.43194,-82.5375,20100119 16:00,439,10182,246
GHCND:USW00003812,ASHEVILLE REGIONAL AIRPORT NC US,645.3,35.43194,-82.5375,20100119 17:00,425,10186,247
GHCND:USW00003812,ASHEVILLE REGIONAL AIRPORT NC US,645.3,35.43194,-82.5375,20100119 18:00,397,10192,250
GHCND:USW00003812,ASHEVILLE REGIONAL AIRPORT NC US,645.3,35.43194,-82.5375,20100119 19:00,377,10197,253
GHCND:USW00003812,ASHEVILLE REGIONAL AIRPORT NC US,645.3,35.43194,-82.5375,20100119 20:00,364,10200,255
GHCND:USW00003812,ASHEVILLE REGIONAL AIRPORT NC US,645.3,35.43194,-82.5375,20100119 21:00,351,10201,255
GHCND:USW00003812,ASHEVILLE REGIONAL AIRPORT NC US,645.3,35.43194,-82.5375,20100119 22:00,341,10201,255
GHCND:USW00003812,ASHEVILLE REGIONAL AIRPORT NC US,645.3,35.43194,-82.5375,20100119 23:00,333,10201,255
GHCND:USW00003812,ASHEVILLE REGIONAL AIRPORT NC US,645.3,35.43194,-82.5375,20100120 00:00,326,10198,253
GHCND:USW00003812,ASHEVILLE REGIONAL AIRPORT NC US,645.3,35.43194,-82.5375,20100120 01:00,320,10195,251
GHCND:USW00003812,ASHEVILLE REGIONAL AIRPORT NC US,645.3,35.43194,-82.5375,20100120 02:00,314,10193,250
GHCND:USW00003812,ASHEVILLE REGIONAL AIRPORT NC US,645.3,35.43194,-82.5375,20100120 03:00,309,10193,247
GHCND:USW00003812,ASHEVILLE REGIONAL AIRPORT NC US,645.3,35.43194,-82.5375,20100120 04:00,304,10192,245
GHCND:USW00003812,ASHEVILLE REGIONAL AIRPORT NC US,645.3,35.43194,-82.5375,20100120 05:00,300,10192,244
GHCND:USW00003812,ASHEVILLE REGIONAL AIRPORT NC US,645.3,35.43194,-82.5375,20100120 06:00,297,10195,242
GHCND:USW00003812,ASHEVILLE REGIONAL AIRPORT NC US,645.3,35.43194,-82.5375,20100120 07:00,294,10200,241
GHCND:USW00003812,ASHEVILLE REGIONAL AIRPORT NC US,645.3,35.43194,-82.5375,20100120 08:00,293,10205,240
GHCND:USW00003812,ASHEVILLE REGIONAL AIRPORT NC US,645.3,35.43194,-82.5375,20100120 09:00,311,10208,248
GHCND:USW00003812,ASHEVILLE REGIONAL AIRPORT NC US,645.3,35.43194,-82.5375,20100120 10:00,339,10211,252
GHCND:USW00003812,ASHEVILLE REGIONAL AIRPORT NC US,645.3,35.43194,-82.5375,20100120 11:00,368,10211,253
GHCND:USW00003812,ASHEVILLE REGIONAL AIRPORT NC US,645.3,35.43194,-82.5375,20100120 12:00,396,10204,250
GHCND:USW00003812,ASHEVILLE REGIONAL AIRPORT NC US,645.3,35.43194,-82.5375,20100120 13:00,418,10193,248
GHCND:USW00003812,ASHEVILLE REGIONAL AIRPORT NC US,645.3,35.43194,-82.5375,20100120 14:00,434,10184,245
GHCND:USW00003812,ASHEVILLE REGIONAL AIRPORT NC US,645.3,35.43194,-82.5375,20100120 15:00,441,10181,243
GHCND:USW00003812,ASHEVILLE REGIONAL AIRPORT NC US,645.3,35.43194,-82.5375,20100120 16:00,438,10182,243
GHCND:USW00003812,ASHEVILLE REGIONAL AIRPORT NC US,645.3,35.43194,-82.5375,20100120 17:00,425,10187,243
GHCND:USW00003812,ASHEVILLE REGIONAL AIRPORT NC US,645.3,35.43194,-82.5375,20100120 18:00,396,10192,246
GHCND:USW00003812,ASHEVILLE REGIONAL AIRPORT NC US,645.3,35.43194,-82.5375,20100120 19:00,375,10197,249
GHCND:USW00003812,ASHEVILLE REGIONAL AIRPORT NC US,645.3,35.43194,-82.5375,20100120 20:00,362,10200,251
GHCND:USW00003812,ASHEVILLE REGIONAL AIRPORT NC US,645.3,35.43194,-82.5375,20100120 21:00,349,10202,252
GHCND:USW00003812,ASHEVILLE REGIONAL AIRPORT NC US,645.3,35.43194,-82.5375,20100120 22:00,339,10202,252
GHCND:USW00003812,ASHEVILLE REGIONAL AIRPORT NC US,645.3,35.43194,-82.5375,20100120 23:00,331,10201,251
GHCND:USW00003812,ASHEVILLE REGIONAL AIRPORT NC US,645.3,35.43194,-82.5375,20100121 00:00,324,10199,250
GHCND:USW00003812,ASHEVILLE REGIONAL AIRPORT NC US,645.3,35.43194,-82.5375,20100121 01:00,317,10195,248
GHCND:USW00003812,ASHEVILLE REGIONAL AIRPORT NC US,645.3,35.43194,-82.5375,20100121 02:00,311,10194,246
GHCND:USW00003812,ASHEVILLE REGIONAL AIRPORT NC US,645.3,35.43194,-82.5375,20100121 03:00,306,10194,244
GHCND:USW00003812,ASHEVILLE REGIONAL AIRPORT NC US,645.3,35.43194,-82.5375,20100121 04:00,301,10193,242
GHCND:USW00003812,ASHEVILLE REGIONAL AIRPORT NC US,645.3,35.43194,-82.5375,20100121 05:00,297,10193,241
GHCND:USW00003812,ASHEVILLE REGIONAL AIRPORT NC US,645.3,35.43194,-82.5375,20100121 06:00,294,10196,239
GHCND:USW00003812,ASHEVILLE REGIONAL AIRPORT NC US,645.3,35.43194,-82.5375,20100121 07:00,292,10201,237
GHCND:USW00003812,ASHEVILLE REGIONAL AIRPORT NC US,645.3,35.43194,-82.5375,20100121 08:00,290,10206,237
GHCND:USW00003812,ASHEVILLE REGIONAL AIRPORT NC US,645.3,35.43194,-82.5375,20100121 09:00,310,10209,245
GHCND:USW00003812,ASHEVILLE REGIONAL AIRPORT NC US,645.3,35.43194,-82.5375,20100121 10:00,338,10212,249
GHCND:USW00003812,ASHEVILLE REGIONAL AIRPORT NC US,645.3,35.43194,-82.5375,20100121 11:00,368,10212,250
GHCND:USW00003812,ASHEVILLE REGIONAL AIRPORT NC US,645.3,35.43194,-82.5375,20100121 12:00,397,10205,247
GHCND:USW00003812,ASHEVILLE REGIONAL AIRPORT NC US,645.3,35.43194,-82.5375,20100121 13:00,419,10194,245
GHCND:USW00003812,ASHEVILLE REGIONAL AIRPORT NC US,645.3,35.43194,-82.5375,20100121 14:00,435,10185,242
GHCND:USW00003812,ASHEVILLE REGIONAL AIRPORT NC US,645.3,35.43194,-82.5375,20100121 15:00,442,10182,242
GHCND:USW00003812,ASHEVILLE REGIONAL AIRPORT NC US,645.3,35.43194,-82.5375,20100121 16:00,439,10183,241
GHCND:USW00003812,ASHEVILLE REGIONAL AIRPORT NC US,645.3,35.43194,-82.5375,20100121 17:00,426,10188,241
GHCND:USW00003812,ASHEVILLE REGIONAL AIRPORT NC US,645.3,35.43194,-82.5375,20100121 18:00,397,10193,244
GHCND:USW00003812,ASHEVILLE REGIONAL AIRPORT NC US,645.3,35.43194,-82.5375,20100121 19:00,376,10198,247
GHCND:USW00003812,ASHEVILLE REGIONAL AIRPORT NC US,645.3,35.43194,-82.5375,20100121 20:00,362,10201,249
GHCND:USW00003812,ASHEVILLE REGIONAL AIRPORT NC US,645.3,35.43194,-82.5375,20100121 21:00,349,10203,249
GHCND:USW00003812,ASHEVILLE REGIONAL AIRPORT NC US,645.3,35.43194,-82.5375,20100121 22:00,339,10203,250
GHCND:USW00003812,ASHEVILLE REGIONAL AIRPORT NC US,645.3,35.43194,-82.5375,20100121 23:00,331,10202,249
GHCND:USW00003812,ASHEVILLE REGIONAL AIRPORT NC US,645.3,35.43194,-82.5375,20100122 00:00,324,10200,248
GHCND:USW00003812,ASHEVILLE REGIONAL AIRPORT NC US,645.3,35.43194,-82.5375,20100122 01:00,317,10197,246
GHCND:USW00003812,ASHEVILLE REGIONAL AIRPORT NC US,645.3,35.43194,-82.5375,20100122 02:00,312,10195,245
GHCND:USW00003812,ASHEVILLE REGIONAL AIRPORT NC US,645.3,35.43194,-82.5375,20100122 03:00,307,10195,242
GHCND:USW00003812,ASHEVILLE REGIONAL AIRPORT NC US,645.3,35.43194,-82.5375,20100122 04:00,301,10194,241
GHCND:USW00003812,ASHEVILLE REGIONAL AIRPORT NC US,645.3,35.43194,-82.5375,20100122 05:00,298,10194,241
GHCND:USW00003812,ASHEVILLE REGIONAL AIRPORT NC US,645.3,35.43194,-82.5375,20100122 06:00,295,10197,239
GHCND:USW00003812,ASHEVILLE REGIONAL AIRPORT NC US,645.3,35.43194,-82.5375,20100122 07:00,292,10202,238
GHCND:USW00003812,ASHEVILLE REGIONAL AIRPORT NC US,645.3,35.43194,-82.5375,20100122 08:00,291,10206,238
GHCND:USW00003812,ASHEVILLE REGIONAL AIRPORT NC US,645.3,35.43194,-82.5375,20100122 09:00,311,10210,246
GHCND:USW00003812,ASHEVILLE REGIONAL AIRPORT NC US,645.3,35.43194,-82.5375,20100122 10:00,340,10213,251
GHCND:USW00003812,ASHEVILLE REGIONAL AIRPORT NC US,645.3,35.43194,-82.5375,20100122 11:00,370,10213,252
GHCND:USW00003812,ASHEVILLE REGIONAL AIRPORT NC US,645.3,35.43194,-82.5375,20100122 12:00,399,10206,249
GHCND:USW00003812,ASHEVILLE REGIONAL AIRPORT NC US,645.3,35.43194,-82.5375,20100122 13:00,420,10195,248
GHCND:USW00003812,ASHEVILLE REGIONAL AIRPORT NC US,645.3,35.43194,-82.5375,20100122 14:00,437,10186,246
GHCND:USW00003812,ASHEVILLE REGIONAL AIRPORT NC US,645.3,35.43194,-82.5375,20100122 15:00,443,10183,246
GHCND:USW00003812,ASHEVILLE REGIONAL AIRPORT NC US,645.3,35.43194,-82.5375,20100122 16:00,440,10184,245
GHCND:USW00003812,ASHEVILLE REGIONAL AIRPORT NC US,645.3,35.43194,-82.5375,20100122 17:00,428,10188,245
GHCND:USW00003812,ASHEVILLE REGIONAL AIRPORT NC US,645.3,35.43194,-82.5375,20100122 18:00,399,10194,248
GHCND:USW00003812,ASHEVILLE REGIONAL AIRPORT NC US,645.3,35.43194,-82.5375,20100122 19:00,378,10199,251
GHCND:USW00003812,ASHEVILLE REGIONAL AIRPORT NC US,645.3,35.43194,-82.5375,20100122 20:00,364,10202,252
GHCND:USW00003812,ASHEVILLE REGIONAL AIRPORT NC US,645.3,35.43194,-82.5375,20100122 21:00,351,10203,253
GHCND:USW00003812,ASHEVILLE REGIONAL AIRPORT NC US,645.3,35.43194,-82.5375,20100122 22:00,341,10203,253
GHCND:USW00003812,ASHEVILLE REGIONAL AIRPORT NC US,645.3,35.43194,-82.5375,20100122 23:00,333,10202,253
GHCND:USW00003812,ASHEVILLE REGIONAL AIRPORT NC US,645.3,35.43194,-82.5375,20100123 00:00,325,10200,251
GHCND:USW00003812,ASHEVILLE REGIONAL AIRPORT NC US,645.3,35.43194,-82.5375,20100123 01:00,319,10196,250
GHCND:USW00003812,ASHEVILLE REGIONAL AIRPORT NC US,645.3,35.43194,-82.5375,20100123 02:00,314,10194,248
GHCND:USW00003812,ASHEVILLE REGIONAL AIRPORT NC US,645.3,35.43194,-82.5375,20100123 03:00,309,10194,246
GHCND:USW00003812,ASHEVILLE REGIONAL AIRPORT NC US,645.3,35.43194,-82.5375,20100123 04:00,304,10193,245
GHCND:USW00003812,ASHEVILLE REGIONAL AIRPORT NC US,645.3,35.43194,-82.5375,20100123 05:00,301,10193,244
GHCND:USW00003812,ASHEVILLE REGIONAL AIRPORT NC US,645.3,35.43194,-82.5375,20100123 06:00,298,10196,243
GHCND:USW00003812,ASHEVILLE REGIONAL AIRPORT NC US,645.3,35.43194,-82.5375,20100123 07:00,295,10200,241
GHCND:USW00003812,ASHEVILLE REGIONAL AIRPORT NC US,645.3,35.43194,-82.5375,20100123 08:00,294,10205,242
GHCND:USW00003812,ASHEVILLE REGIONAL AIRPORT NC US,645.3,35.43194,-82.5375,20100123 09:00,314,10208,250
GHCND:USW00003812,ASHEVILLE REGIONAL AIRPORT NC US,645.3,35.43194,-82.5375,20100123 10:00,342,10211,255
GHCND:USW00003812,ASHEVILLE REGIONAL AIRPORT NC US,645.3,35.43194,-82.5375,20100123 11:00,373,10211,257
GHCND:USW00003812,ASHEVILLE REGIONAL AIRPORT NC US,645.3,35.43194,-82.5375,20100123 12:00,402,10203,255
GHCND:USW00003812,ASHEVILLE REGIONAL AIRPORT NC US,645.3,35.43194,-82.5375,20100123 13:00,422,10192,253
GHCND:USW00003812,ASHEVILLE REGIONAL AIRPORT NC US,645.3,35.43194,-82.5375,20100123 14:00,439,10184,250
GHCND:USW00003812,ASHEVILLE REGIONAL AIRPORT NC US,645.3,35.43194,-82.5375,20100123 15:00,445,10180,250
GHCND:USW00003812,ASHEVILLE REGIONAL AIRPORT NC US,645.3,35.43194,-82.5375,20100123 16:00,442,10182,249
GHCND:USW00003812,ASHEVILLE REGIONAL AIRPORT NC US,645.3,35.43194,-82.5375,20100123 17:00,429,10186,249
GHCND:USW00003812,ASHEVILLE REGIONAL AIRPORT NC US,645.3,35.43194,-82.5375,20100123 18:00,401,10191,252
GHCND:USW00003812,ASHEVILLE REGIONAL AIRPORT NC US,645.3,35.43194,-82.5375,20100123 19:00,380,10196,255
GHCND:USW00003812,ASHEVILLE REGIONAL AIRPORT NC US,645.3,35.43194,-82.5375,20100123 20:00,367,10199,256
GHCND:USW00003812,ASHEVILLE REGIONAL AIRPORT NC US,645.3,35.43194,-82.5375,20100123 21:00,354,10201,257
GHCND:USW00003812,ASHEVILLE REGIONAL AIRPORT NC US,645.3,35.43194,-82.5375,20100123 22:00,344,10200,256
GHCND:USW00003812,ASHEVILLE REGIONAL AIRPORT NC US,645.3,35.43194,-82.5375,20100123 23:00,336,10200,256
GHCND:USW00003812,ASHEVILLE REGIONAL AIRPORT NC US,645.3,35.43194,-82.5375,20100124 00:00,328,10198,254
GHCND:USW00003812,ASHEVILLE REGIONAL AIRPORT NC US,645.3,35.43194,-82.5375,20100124 01:00,322,10194,252
GHCND:USW00003812,ASHEVILLE REGIONAL AIRPORT NC US,645.3,35.43194,-82.5375,20100124 02:00,316,10193,251
GHCND:USW00003812,ASHEVILLE REGIONAL AIRPORT NC US,645.3,35.43194,-82.5375,20100124 03:00,312,10193,248
GHCND:USW00003812,ASHEVILLE REGIONAL AIRPORT NC US,645.3,35.43194,-82.5375,20100124 04:00,306,10191,247
GHCND:USW00003812,ASHEVILLE REGIONAL AIRPORT NC US,645.3,35.43194,-82.5375,20100124 05:00,303,10191,246
GHCND:USW00003812,ASHEVILLE REGIONAL AIRPORT NC US,645.3,35.43194,-82.5375,20100124 06:00,300,10194,245
GHCND:USW00003812,ASHEVILLE REGIONAL AIRPORT NC US,645.3,35.43194,-82.5375,20100124 07:00,298,10199,244
GHCND:USW00003812,ASHEVILLE REGIONAL AIRPORT NC US,645.3,35.43194,-82.5375,20100124 08:00,297,10203,243
GHCND:USW00003812,ASHEVILLE REGIONAL AIRPORT NC US,645.3,35.43194,-82.5375,20100124 09:00,316,10207,251
GHCND:USW00003812,ASHEVILLE REGIONAL AIRPORT NC US,645.3,35.43194,-82.5375,20100124 10:00,344,10209,256
GHCND:USW00003812,ASHEVILLE REGIONAL AIRPORT NC US,645.3,35.43194,-82.5375,20100124 11:00,375,10210,258
GHCND:USW00003812,ASHEVILLE REGIONAL AIRPORT NC US,645.3,35.43194,-82.5375,20100124 12:00,403,10202,256
GHCND:USW00003812,ASHEVILLE REGIONAL AIRPORT NC US,645.3,35.43194,-82.5375,20100124 13:00,424,10191,254
GHCND:USW00003812,ASHEVILLE REGIONAL AIRPORT NC US,645.3,35.43194,-82.5375,20100124 14:00,441,10183,251
GHCND:USW00003812,ASHEVILLE REGIONAL AIRPORT NC US,645.3,35.43194,-82.5375,20100124 15:00,447,10179,250
GHCND:USW00003812,ASHEVILLE REGIONAL AIRPORT NC US,645.3,35.43194,-82.5375,20100124 16:00,445,10180,250
GHCND:USW00003812,ASHEVILLE REGIONAL AIRPORT NC US,645.3,35.43194,-82.5375,20100124 17:00,432,10185,250
GHCND:USW00003812,ASHEVILLE REGIONAL AIRPORT NC US,645.3,35.43194,-82.5375,20100124 18:00,404,10190,252
GHCND:USW00003812,ASHEVILLE REGIONAL AIRPORT NC US,645.3,35.43194,-82.5375,20100124 19:00,383,10195,256
GHCND:USW00003812,ASHEVILLE REGIONAL AIRPORT NC US,645.3,35.43194,-82.5375,20100124 20:00,369,10198,257
GHCND:USW00003812,ASHEVILLE REGIONAL AIRPORT NC US,645.3,35.43194,-82.5375,20100124 21:00,356,10199,258
GHCND:USW00003812,ASHEVILLE REGIONAL AIRPORT NC US,645.3,35.43194,-82.5375,20100124 22:00,346,10199,258
GHCND:USW00003812,ASHEVILLE REGIONAL AIRPORT NC US,645.3,35.43194,-82.5375,20100124 23:00,338,10199,258
GHCND:USW00003812,ASHEVILLE REGIONAL AIRPORT NC US,645.3,35.43194,-82.5375,20100125 00:00,330,10197,255
GHCND:USW00003812,ASHEVILLE REGIONAL AIRPORT NC US,645.3,35.43194,-82.5375,20100125 01:00,324,10193,254
GHCND:USW00003812,ASHEVILLE REGIONAL AIRPORT NC US,645.3,35.43194,-82.5375,20100125 02:00,318,10192,253
GHCND:USW00003812,ASHEVILLE REGIONAL AIRPORT NC US,645.3,35.43194,-82.5375,20100125 03:00,314,10192,250
GHCND:USW00003812,ASHEVILLE REGIONAL AIRPORT NC US,645.3,35.43194,-82.5375,20100125 04:00,309,10190,249
GHCND:USW00003812,ASHEVILLE REGIONAL AIRPORT NC US,645.3,35.43194,-82.5375,20100125 05:00,305,10190,248
GHCND:USW00003812,ASHEVILLE REGIONAL AIRPORT NC US,645.3,35.43194,-82.5375,20100125 06:00,302,10194,246
GHCND:USW00003812,ASHEVILLE REGIONAL AIRPORT NC US,645.3,35.43194,-82.5375,20100125 07:00,300,10198,245
GHCND:USW00003812,ASHEVILLE REGIONAL AIRPORT NC US,645.3,35.43194,-82.5375,20100125 08:00,298,10202,245
GHCND:USW00003812,ASHEVILLE REGIONAL AIRPORT NC US,645.3,35.43194,-82.5375,20100125 09:00,318,10207,253
GHCND:USW00003812,ASHEVILLE REGIONAL AIRPORT NC US,645.3,35.43194,-82.5375,20100125 10:00,346,10209,258
GHCND:USW00003812,ASHEVILLE REGIONAL AIRPORT NC US,645.3,35.43194,-82.5375,20100125 11:00,377,10209,260
GHCND:USW00003812,ASHEVILLE REGIONAL AIRPORT NC US,645.3,35.43194,-82.5375,20100125 12:00,406,10202,257
GHCND:USW00003812,ASHEVILLE REGIONAL AIRPORT NC US,645.3,35.43194,-82.5375,20100125 13:00,427,10191,255
GHCND:USW00003812,ASHEVILLE REGIONAL AIRPORT NC US,645.3,35.43194,-82.5375,20100125 14:00,444,10183,252
GHCND:USW00003812,ASHEVILLE REGIONAL AIRPORT NC US,645.3,35.43194,-82.5375,20100125 15:00,450,10179,251
GHCND:USW00003812,ASHEVILLE REGIONAL AIRPORT NC US,645.3,35.43194,-82.5375,20100125 16:00,448,10180,250
GHCND:USW00003812,ASHEVILLE REGIONAL AIRPORT NC US,645.3,35.43194,-82.5375,20100125 17:00,435,10184,251
GHCND:USW00003812,ASHEVILLE REGIONAL AIRPORT NC US,645.3,35.43194,-82.5375,20100125 18:00,407,10190,253
GHCND:USW00003812,ASHEVILLE REGIONAL AIRPORT NC US,645.3,35.43194,-82.5375,20100125 19:00,386,10195,256
GHCND:USW00003812,ASHEVILLE REGIONAL AIRPORT NC US,645.3,35.43194,-82.5375,20100125 20:00,372,10198,258
GHCND:USW00003812,ASHEVILLE REGIONAL AIRPORT NC US,645.3,35.43194,-82.5375,20100125 21:00,358,10199,259
GHCND:USW00003812,ASHEVILLE REGIONAL AIRPORT NC US,645.3,35.43194,-82.5375,20100125 22:00,348,10199,258
GHCND:USW00003812,ASHEVILLE REGIONAL AIRPORT NC US,645.3,35.43194,-82.5375,20100125 23:00,340,10198,259
GHCND:USW00003812,ASHEVILLE REGIONAL AIRPORT NC US,645.3,35.43194,-82.5375,20100126 00:00,331,10197,257
GHCND:USW00003812,ASHEVILLE REGIONAL AIRPORT NC US,645.3,35.43194,-82.5375,20100126 01:00,325,10193,256
GHCND:USW00003812,ASHEVILLE REGIONAL AIRPORT NC US,645.3,35.43194,-82.5375,20100126 02:00,319,10192,255
GHCND:USW00003812,ASHEVILLE REGIONAL AIRPORT NC US,645.3,35.43194,-82.5375,20100126 03:00,315,10192,252
GHCND:USW00003812,ASHEVILLE REGIONAL AIRPORT NC US,645.3,35.43194,-82.5375,20100126 04:00,310,10190,251
GHCND:USW00003812,ASHEVILLE REGIONAL AIRPORT NC US,645.3,35.43194,-82.5375,20100126 05:00,307,10191,250
GHCND:USW00003812,ASHEVILLE REGIONAL AIRPORT NC US,645.3,35.43194,-82.5375,20100126 06:00,303,10194,248
GHCND:USW00003812,ASHEVILLE REGIONAL AIRPORT NC US,645.3,35.43194,-82.5375,20100126 07:00,301,10198,247
GHCND:USW00003812,ASHEVILLE REGIONAL AIRPORT NC US,645.3,35.43194,-82.5375,20100126 08:00,300,10203,248
GHCND:USW00003812,ASHEVILLE REGIONAL AIRPORT NC US,645.3,35.43194,-82.5375,20100126 09:00,321,10206,256
GHCND:USW00003812,ASHEVILLE REGIONAL AIRPORT NC US,645.3,35.43194,-82.5375,20100126 10:00,349,10208,261
GHCND:USW00003812,ASHEVILLE REGIONAL AIRPORT NC US,645.3,35.43194,-82.5375,20100126 11:00,381,10208,262
GHCND:USW00003812,ASHEVILLE REGIONAL AIRPORT NC US,645.3,35.43194,-82.5375,20100126 12:00,410,10202,259
GHCND:USW00003812,ASHEVILLE REGIONAL AIRPORT NC US,645.3,35.43194,-82.5375,20100126 13:00,431,10191,258
GHCND:USW00003812,ASHEVILLE REGIONAL AIRPORT NC US,645.3,35.43194,-82.5375,20100126 14:00,448,10182,256
GHCND:USW00003812,ASHEVILLE REGIONAL AIRPORT NC US,645.3,35.43194,-82.5375,20100126 15:00,454,10179,254
GHCND:USW00003812,ASHEVILLE REGIONAL AIRPORT NC US,645.3,35.43194,-82.5375,20100126 16:00,451,10180,253
GHCND:USW00003812,ASHEVILLE REGIONAL AIRPORT NC US,645.3,35.43194,-82.5375,20100126 17:00,438,10184,254
GHCND:USW00003812,ASHEVILLE REGIONAL AIRPORT NC US,645.3,35.43194,-82.5375,20100126 18:00,410,10190,256
GHCND:USW00003812,ASHEVILLE REGIONAL AIRPORT NC US,645.3,35.43194,-82.5375,20100126 19:00,389,10195,259
GHCND:USW00003812,ASHEVILLE REGIONAL AIRPORT NC US,645.3,35.43194,-82.5375,20100126 20:00,374,10198,261
GHCND:USW00003812,ASHEVILLE REGIONAL AIRPORT NC US,645.3,35.43194,-82.5375,20100126 21:00,360,10199,261
GHCND:USW00003812,ASHEVILLE REGIONAL AIRPORT NC US,645.3,35.43194,-82.5375,20100126 22:00,349,10199,261
GHCND:USW00003812,ASHEVILLE REGIONAL AIRPORT NC US,645.3,35.43194,-82.5375,20100126 23:00,341,10199,261
GHCND:USW00003812,ASHEVILLE REGIONAL AIRPORT NC US,645.3,35.43194,-82.5375,20100127 00:00,332,10197,259
GHCND:USW00003812,ASHEVILLE REGIONAL AIRPORT NC US,645.3,35.43194,-82.5375,20100127 01:00,325,10194,258
GHCND:USW00003812,ASHEVILLE REGIONAL AIRPORT NC US,645.3,35.43194,-82.5375,20100127 02:00,319,10192,257
GHCND:USW00003812,ASHEVILLE REGIONAL AIRPORT NC US,645.3,35.43194,-82.5375,20100127 03:00,314,10192,254
GHCND:USW00003812,ASHEVILLE REGIONAL AIRPORT NC US,645.3,35.43194,-82.5375,20100127 04:00,309,10191,253
GHCND:USW00003812,ASHEVILLE REGIONAL AIRPORT NC US,645.3,35.43194,-82.5375,20100127 05:00,306,10191,252
GHCND:USW00003812,ASHEVILLE REGIONAL AIRPORT NC US,645.3,35.43194,-82.5375,20100127 06:00,302,10195,250
GHCND:USW00003812,ASHEVILLE REGIONAL AIRPORT NC US,645.3,35.43194,-82.5375,20100127 07:00,301,10199,248
GHCND:USW00003812,ASHEVILLE REGIONAL AIRPORT NC US,645.3,35.43194,-82.5375,20100127 08:00,301,10204,249
GHCND:USW00003812,ASHEVILLE REGIONAL AIRPORT NC US,645.3,35.43194,-82.5375,20100127 09:00,322,10207,258
GHCND:USW00003812,ASHEVILLE REGIONAL AIRPORT NC US,645.3,35.43194,-82.5375,20100127 10:00,352,10209,263
GHCND:USW00003812,ASHEVILLE REGIONAL AIRPORT NC US,645.3,35.43194,-82.5375,20100127 11:00,384,10209,265
GHCND:USW00003812,ASHEVILLE REGIONAL AIRPORT NC US,645.3,35.43194,-82.5375,20100127 12:00,414,10202,262
GHCND:USW00003812,ASHEVILLE REGIONAL AIRPORT NC US,645.3,35.43194,-82.5375,20100127 13:00,436,10192,261
GHCND:USW00003812,ASHEVILLE REGIONAL AIRPORT NC US,645.3,35.43194,-82.5375,20100127 14:00,453,10183,259
GHCND:USW00003812,ASHEVILLE REGIONAL AIRPORT NC US,645.3,35.43194,-82.5375,20100127 15:00,459,10179,258
GHCND:USW00003812,ASHEVILLE REGIONAL AIRPORT NC US,645.3,35.43194,-82.5375,20100127 16:00,457,10180,257
GHCND:USW00003812,ASHEVILLE REGIONAL AIRPORT NC US,645.3,35.43194,-82.5375,20100127 17:00,443,10184,258
GHCND:USW00003812,ASHEVILLE REGIONAL AIRPORT NC US,645.3,35.43194,-82.5375,20100127 18:00,416,10190,260
GHCND:USW00003812,ASHEVILLE REGIONAL AIRPORT NC US,645.3,35.43194,-82.5375,20100127 19:00,393,10196,263
GHCND:USW00003812,ASHEVILLE REGIONAL AIRPORT NC US,645.3,35.43194,-82.5375,20100127 20:00,378,10199,265
GHCND:USW00003812,ASHEVILLE REGIONAL AIRPORT NC US,645.3,35.43194,-82.5375,20100127 21:00,364,10200,265
GHCND:USW00003812,ASHEVILLE REGIONAL AIRPORT NC US,645.3,35.43194,-82.5375,20100127 22:00,353,10200,264
GHCND:USW00003812,ASHEVILLE REGIONAL AIRPORT NC US,645.3,35.43194,-82.5375,20100127 23:00,344,10199,265
GHCND:USW00003812,ASHEVILLE REGIONAL AIRPORT NC US,645.3,35.43194,-82.5375,20100128 00:00,335,10197,264
GHCND:USW00003812,ASHEVILLE REGIONAL AIRPORT NC US,645.3,35.43194,-82.5375,20100128 01:00,328,10194,263
GHCND:USW00003812,ASHEVILLE REGIONAL AIRPORT NC US,645.3,35.43194,-82.5375,20100128 02:00,323,10193,261
GHCND:USW00003812,ASHEVILLE REGIONAL AIRPORT NC US,645.3,35.43194,-82.5375,20100128 03:00,318,10192,259
GHCND:USW00003812,ASHEVILLE REGIONAL AIRPORT NC US,645.3,35.43194,-82.5375,20100128 04:00,313,10191,258
GHCND:USW00003812,ASHEVILLE REGIONAL AIRPORT NC US,645.3,35.43194,-82.5375,20100128 05:00,310,10191,256
GHCND:USW00003812,ASHEVILLE REGIONAL AIRPORT NC US,645.3,35.43194,-82.5375,20100128 06:00,306,10195,254
GHCND:USW00003812,ASHEVILLE REGIONAL AIRPORT NC US,645.3,35.43194,-82.5375,20100128 07:00,304,10200,251
GHCND:USW00003812,ASHEVILLE REGIONAL AIRPORT NC US,645.3,35.43194,-82.5375,20100128 08:00,304,10204,253
GHCND:USW00003812,ASHEVILLE REGIONAL AIRPORT NC US,645.3,35.43194,-82.5375,20100128 09:00,326,10207,262
GHCND:USW00003812,ASHEVILLE REGIONAL AIRPORT NC US,645.3,35.43194,-82.5375,20100128 10:00,356,10209,267
GHCND:USW00003812,ASHEVILLE REGIONAL AIRPORT NC US,645.3,35.43194,-82.5375,20100128 11:00,388,10209,268
GHCND:USW00003812,ASHEVILLE REGIONAL AIRPORT NC US,645.3,35.43194,-82.5375,20100128 12:00,417,10202,265
GHCND:USW00003812,ASHEVILLE REGIONAL AIRPORT NC US,645.3,35.43194,-82.5375,20100128 13:00,438,10192,263
GHCND:USW00003812,ASHEVILLE REGIONAL AIRPORT NC US,645.3,35.43194,-82.5375,20100128 14:00,455,10183,261
GHCND:USW00003812,ASHEVILLE REGIONAL AIRPORT NC US,645.3,35.43194,-82.5375,20100128 15:00,461,10179,260
GHCND:USW00003812,ASHEVILLE REGIONAL AIRPORT NC US,645.3,35.43194,-82.5375,20100128 16:00,459,10180,259
GHCND:USW00003812,ASHEVILLE REGIONAL AIRPORT NC US,645.3,35.43194,-82.5375,20100128 17:00,446,10184,260
GHCND:USW00003812,ASHEVILLE REGIONAL AIRPORT NC US,645.3,35.43194,-82.5375,20100128 18:00,418,10190,261
GHCND:USW00003812,ASHEVILLE REGIONAL AIRPORT NC US,645.3,35.43194,-82.5375,20100128 19:00,395,10196,264
GHCND:USW00003812,ASHEVILLE REGIONAL AIRPORT NC US,645.3,35.43194,-82.5375,20100128 20:00,379,10199,265
GHCND:USW00003812,ASHEVILLE REGIONAL AIRPORT NC US,645.3,35.43194,-82.5375,20100128 21:00,366,10200,265
GHCND:USW00003812,ASHEVILLE REGIONAL AIRPORT NC US,645.3,35.43194,-82.5375,20100128 22:00,355,10200,265
GHCND:USW00003812,ASHEVILLE REGIONAL AIRPORT NC US,645.3,35.43194,-82.5375,20100128 23:00,346,10200,265
GHCND:USW00003812,ASHEVILLE REGIONAL AIRPORT NC US,645.3,35.43194,-82.5375,20100129 00:00,337,10198,264
GHCND:USW00003812,ASHEVILLE REGIONAL AIRPORT NC US,645.3,35.43194,-82.5375,20100129 01:00,330,10195,263
GHCND:USW00003812,ASHEVILLE REGIONAL AIRPORT NC US,645.3,35.43194,-82.5375,20100129 02:00,325,10193,262
GHCND:USW00003812,ASHEVILLE REGIONAL AIRPORT NC US,645.3,35.43194,-82.5375,20100129 03:00,320,10193,260
GHCND:USW00003812,ASHEVILLE REGIONAL AIRPORT NC US,645.3,35.43194,-82.5375,20100129 04:00,315,10192,259
GHCND:USW00003812,ASHEVILLE REGIONAL AIRPORT NC US,645.3,35.43194,-82.5375,20100129 05:00,311,10192,257
GHCND:USW00003812,ASHEVILLE REGIONAL AIRPORT NC US,645.3,35.43194,-82.5375,20100129 06:00,307,10195,254
GHCND:USW00003812,ASHEVILLE REGIONAL AIRPORT NC US,645.3,35.43194,-82.5375,20100129 07:00,305,10200,252
GHCND:USW00003812,ASHEVILLE REGIONAL AIRPORT NC US,645.3,35.43194,-82.5375,20100129 08:00,304,10205,253
GHCND:USW00003812,ASHEVILLE REGIONAL AIRPORT NC US,645.3,35.43194,-82.5375,20100129 09:00,327,10208,263
GHCND:USW00003812,ASHEVILLE REGIONAL AIRPORT NC US,645.3,35.43194,-82.5375,20100129 10:00,357,10209,268
GHCND:USW00003812,ASHEVILLE REGIONAL AIRPORT NC US,645.3,35.43194,-82.5375,20100129 11:00,390,10209,268
GHCND:USW00003812,ASHEVILLE REGIONAL AIRPORT NC US,645.3,35.43194,-82.5375,20100129 12:00,418,10203,265
GHCND:USW00003812,ASHEVILLE REGIONAL AIRPORT NC US,645.3,35.43194,-82.5375,20100129 13:00,439,10192,262
GHCND:USW00003812,ASHEVILLE REGIONAL AIRPORT NC US,645.3,35.43194,-82.5375,20100129 14:00,456,10183,260
GHCND:USW00003812,ASHEVILLE REGIONAL AIRPORT NC US,645.3,35.43194,-82.5375,20100129 15:00,462,10179,259
GHCND:USW00003812,ASHEVILLE REGIONAL AIRPORT NC US,645.3,35.43194,-82.5375,20100129 16:00,460,10180,259
GHCND:USW00003812,ASHEVILLE REGIONAL AIRPORT NC US,645.3,35.43194,-82.5375,20100129 17:00,447,10184,259
GHCND:USW00003812,ASHEVILLE REGIONAL AIRPORT NC US,645.3,35.43194,-82.5375,20100129 18:00,419,10190,261
GHCND:USW00003812,ASHEVILLE REGIONAL AIRPORT NC US,645.3,35.43194,-82.5375,20100129 19:00,397,10195,263
GHCND:USW00003812,ASHEVILLE REGIONAL AIRPORT NC US,645.3,35.43194,-82.5375,20100129 20:00,381,10199,264
GHCND:USW00003812,ASHEVILLE REGIONAL AIRPORT NC US,645.3,35.43194,-82.5375,20100129 21:00,367,10200,264
GHCND:USW00003812,ASHEVILLE REGIONAL AIRPORT NC US,645.3,35.43194,-82.5375,20100129 22:00,356,10200,265
GHCND:USW00003812,ASHEVILLE REGIONAL AIRPORT NC US,645.3,35.43194,-82.5375,20100129 23:00,346,10199,265
GHCND:USW00003812,ASHEVILLE REGIONAL AIRPORT NC US,645.3,35.43194,-82.5375,20100130 00:00,338,10197,264
GHCND:USW00003812,ASHEVILLE REGIONAL AIRPORT NC US,645.3,35.43194,-82.5375,20100130 01:00,331,10194,263
GHCND:USW00003812,ASHEVILLE REGIONAL AIRPORT NC US,645.3,35.43194,-82.5375,20100130 02:00,325,10192,262
GHCND:USW00003812,ASHEVILLE REGIONAL AIRPORT NC US,645.3,35.43194,-82.5375,20100130 03:00,320,10192,259
GHCND:USW00003812,ASHEVILLE REGIONAL AIRPORT NC US,645.3,35.43194,-82.5375,20100130 04:00,315,10191,258
GHCND:USW00003812,ASHEVILLE REGIONAL AIRPORT NC US,645.3,35.43194,-82.5375,20100130 05:00,311,10191,256
GHCND:USW00003812,ASHEVILLE REGIONAL AIRPORT NC US,645.3,35.43194,-82.5375,20100130 06:00,307,10195,253
GHCND:USW00003812,ASHEVILLE REGIONAL AIRPORT NC US,645.3,35.43194,-82.5375,20100130 07:00,305,10199,251
GHCND:USW00003812,ASHEVILLE REGIONAL AIRPORT NC US,645.3,35.43194,-82.5375,20100130 08:00,305,10205,253
GHCND:USW00003812,ASHEVILLE REGIONAL AIRPORT NC US,645.3,35.43194,-82.5375,20100130 09:00,327,10208,263
GHCND:USW00003812,ASHEVILLE REGIONAL AIRPORT NC US,645.3,35.43194,-82.5375,20100130 10:00,358,10209,267
GHCND:USW00003812,ASHEVILLE REGIONAL AIRPORT NC US,645.3,35.43194,-82.5375,20100130 11:00,391,10208,267
GHCND:USW00003812,ASHEVILLE REGIONAL AIRPORT NC US,645.3,35.43194,-82.5375,20100130 12:00,419,10202,263
GHCND:USW00003812,ASHEVILLE REGIONAL AIRPORT NC US,645.3,35.43194,-82.5375,20100130 13:00,440,10192,261
GHCND:USW00003812,ASHEVILLE REGIONAL AIRPORT NC US,645.3,35.43194,-82.5375,20100130 14:00,457,10183,259
GHCND:USW00003812,ASHEVILLE REGIONAL AIRPORT NC US,645.3,35.43194,-82.5375,20100130 15:00,463,10179,258
GHCND:USW00003812,ASHEVILLE REGIONAL AIRPORT NC US,645.3,35.43194,-82.5375,20100130 16:00,461,10180,259
GHCND:USW00003812,ASHEVILLE REGIONAL AIRPORT NC US,645.3,35.43194,-82.5375,20100130 17:00,448,10184,260
GHCND:USW00003812,ASHEVILLE REGIONAL AIRPORT NC US,645.3,35.43194,-82.5375,20100130 18:00,421,10190,261
GHCND:USW00003812,ASHEVILLE REGIONAL AIRPORT NC US,645.3,35.43194,-82.5375,20100130 19:00,398,10195,264
GHCND:USW00003812,ASHEVILLE REGIONAL AIRPORT NC US,645.3,35.43194,-82.5375,20100130 20:00,382,10198,264
GHCND:USW00003812,ASHEVILLE REGIONAL AIRPORT NC US,645.3,35.43194,-82.5375,20100130 21:00,369,10199,265
GHCND:USW00003812,ASHEVILLE REGIONAL AIRPORT NC US,645.3,35.43194,-82.5375,20100130 22:00,357,10199,265
GHCND:USW00003812,ASHEVILLE REGIONAL AIRPORT NC US,645.3,35.43194,-82.5375,20100130 23:00,348,10198,266
GHCND:USW00003812,ASHEVILLE REGIONAL AIRPORT NC US,645.3,35.43194,-82.5375,20100131 00:00,339,10197,265
GHCND:USW00003812,ASHEVILLE REGIONAL AIRPORT NC US,645.3,35.43194,-82.5375,20100131 01:00,332,10194,264
GHCND:USW00003812,ASHEVILLE REGIONAL AIRPORT NC US,645.3,35.43194,-82.5375,20100131 02:00,327,10192,263
GHCND:USW00003812,ASHEVILLE REGIONAL AIRPORT NC US,645.3,35.43194,-82.5375,20100131 03:00,321,10191,260
GHCND:USW00003812,ASHEVILLE REGIONAL AIRPORT NC US,645.3,35.43194,-82.5375,20100131 04:00,317,10191,259
GHCND:USW00003812,ASHEVILLE REGIONAL AIRPORT NC US,645.3,35.43194,-82.5375,20100131 05:00,312,10191,257
GHCND:USW00003812,ASHEVILLE REGIONAL AIRPORT NC US,645.3,35.43194,-82.5375,20100131 06:00,308,10194,254
GHCND:USW00003812,ASHEVILLE REGIONAL AIRPORT NC US,645.3,35.43194,-82.5375,20100131 07:00,306,10199,252
GHCND:USW00003812,ASHEVILLE REGIONAL AIRPORT NC US,645.3,35.43194,-82.5375,20100131 08:00,306,10205,253
GHCND:USW00003812,ASHEVILLE REGIONAL AIRPORT NC US,645.3,35.43194,-82.5375,20100131 09:00,329,10208,263
GHCND:USW00003812,ASHEVILLE REGIONAL AIRPORT NC US,645.3,35.43194,-82.5375,20100131 10:00,360,10209,268
GHCND:USW00003812,ASHEVILLE REGIONAL AIRPORT NC US,645.3,35.43194,-82.5375,20100131 11:00,393,10208,267
GHCND:USW00003812,ASHEVILLE REGIONAL AIRPORT NC US,645.3,35.43194,-82.5375,20100131 12:00,421,10202,264
GHCND:USW00003812,ASHEVILLE REGIONAL AIRPORT NC US,645.3,35.43194,-82.5375,20100131 13:00,441,10192,260
GHCND:USW00003812,ASHEVILLE REGIONAL AIRPORT NC US,645.3,35.43194,-82.5375,20100131 14:00,458,10183,259
GHCND:USW00003812,ASHEVILLE REGIONAL AIRPORT NC US,645.3,35.43194,-82.5375,20100131 15:00,465,10179,257
GHCND:USW00003812,ASHEVILLE REGIONAL AIRPORT NC US,645.3,35.43194,-82.5375,20100131 16:00,462,10180,258
GHCND:USW00003812,ASHEVILLE REGIONAL AIRPORT NC US,645.3,35.43194,-82.5375,20100131 17:00,449,10184,259
GHCND:USW00003812,ASHEVILLE REGIONAL AIRPORT NC US,645.3,35.43194,-82.5375,20100131 18:00,422,10190,261
GHCND:USW00003812,ASHEVILLE REGIONAL AIRPORT NC US,645.3,35.43194,-82.5375,20100131 19:00,399,10195,263
GHCND:USW00003812,ASHEVILLE REGIONAL AIRPORT NC US,645.3,35.43194,-82.5375,20100131 20:00,382,10199,264
GHCND:USW00003812,ASHEVILLE REGIONAL AIRPORT NC US,645.3,35.43194,-82.5375,20100131 21:00,369,10200,265
GHCND:USW00003812,ASHEVILLE REGIONAL AIRPORT NC US,645.3,35.43194,-82.5375,20100131 22:00,357,10200,265
GHCND:USW00003812,ASHEVILLE REGIONAL AIRPORT NC US,645.3,35.43194,-82.5375,20100131 23:00,347,10200,265
